Practice Name,Practice Code,Borough,Sheet,Latitude,Longitude
Greenfield Medical Centre,E83006,Barnet,North Central London,51.561173,-0.20515
St. Georges Medical Centre,E83020,Barnet,North Central London,51.5587,-0.246106
The Practice at 118,E83027,Barnet,North Central London,51.576414,-0.204678
Jai Medical Centre,E83038,Barnet,North Central London,51.5982,-0.270706
Jai Medical Centre: Hendon Surgery,E83038001,Barnet,North Central London,51.5802,-0.237443
Ravenscroft Medical Centre,E83039,Barnet,North Central London,51.57514,-0.20248
Drs Adler & Rosenberg,E83600,Barnet,North Central London,51.57537,-0.19606
The Phoenix Practice,E83653,Barnet,North Central London,51.5873,-0.223381
Dr Azim & Partners,Y03664,Barnet,North Central London,51.57961,-0.22571
Pennine Drive Practice,E83025,Barnet,North Central London,51.5685,-0.208805
Supreme Medical Centre,E83026,Barnet,North Central London,51.59881,-0.19533
Penshurst Gardens Surgery,E83030,Barnet,North Central London,51.6165,-0.2718
Wakemans Hill Surgery,E83041,Barnet,North Central London,51.587575,-0.252636
Mulberry Medical Practice,E83046,Barnet,North Central London,51.6149,-0.260019
Mulberry Medical Practice: Willow Court Surgery,E83046001,Barnet,North Central London,51.621257,-0.291414
Mulberry Medical Practice: Woodcroft Medical Centre,E83046002,Barnet,North Central London,51.6028,-0.262012
Lane End Medical Group,E83053,Barnet,North Central London,51.6153,-0.274851
Langstone Way Surgery,E83049,Barnet,North Central London,51.60701,-0.2104
Temple Fortune Medical Group,E83622,Barnet,North Central London,51.580981,-0.197829
Colindale Medical Centre,E83637,Barnet,North Central London,51.591171,-0.248445
The Mountfield Surgery,E83638,Barnet,North Central London,51.59478,-0.19272
Rosemary Surgery,E83639,Barnet,North Central London,51.473951,-0.242733
The Hodford Road Practice,E83649,Barnet,North Central London,51.569,-0.199304
The Hillview Surgery,E83657,Barnet,North Central London,51.629485,-0.16832
MHP Alma Healthcare Centre,B6S7Y,Enfield,North Central London,51.6418,-0.035966
MHP: Connaught Surgery,F0A8V,Enfield,North Central London,51.658876,-0.04679
MHP: Riley House Surgery,F85003,Enfield,North Central London,51.482378,-0.177759
Eagle House Surgery,F85004,Enfield,North Central London,51.6479,-0.046169
Keats Surgery,F85010,Enfield,North Central London,51.6289,-0.076896
Cockfosters Medical Centre,F85016,Enfield,North Central London,51.52285,-0.148384
The Woodberry Practice,F85020,Enfield,North Central London,51.6273,-0.100371
White Lodge Medical Practice,F85025,Enfield,North Central London,51.6575,-0.087813
Abernethy House Surgery,F85029,Enfield,North Central London,51.6544,-0.081179
Southgate Surgery,F85032,Enfield,North Central London,51.624205,-0.131081
Winchmore Hill Practice,F85033,Enfield,North Central London,51.63573,-0.09195
Highlands Practice,F85035,Enfield,North Central London,51.6463,-0.110674
Nightingale House Surgery,F85058,Enfield,North Central London,51.6381,-0.046043
Grovelands Medical Centre,F85072,Enfield,North Central London,51.619604,-0.113096
Grovelands Medical Centre: Natal Road Surgery,F85072001,Enfield,North Central London,51.619604,-0.113096
Grovelands Medical Centre: Grenoble Gardens Surgery,F85072002,Enfield,North Central London,51.619604,-0.113096
Bincote Road Surgery,F85625,Enfield,North Central London,51.6538,-0.1103
The North London Health Centre,F85642,Enfield,North Central London,51.6176,-0.112418
Latymer Road Surgery,F85663,Enfield,North Central London,51.62713,-0.06679
Edmonton Medical Centre,F85666,Enfield,North Central London,51.61609,-0.0741
Oakwood Medical Centre,F85687,Enfield,North Central London,51.6465,-0.134255
Arnos Grove Medical Centre,F85700,Enfield,North Central London,51.4903,-0.035213
Gillan House Surgery,F85701,Enfield,North Central London,51.6219,-0.1059
MHP: Lincoln Road Medical Practice,R3H6S,Enfield,North Central London,51.3885,-0.111899
MHP: Enfield Island Surgery,T5U8N,Enfield,North Central London,51.651395,-0.081363
Angel Surgery,Y00057,Enfield,North Central London,51.6111,-0.064937
Green Cedars Medical Centre,Y00612,Enfield,North Central London,51.61609,-0.0741
MHP: Freezywater Primary Care Centre,Z8G3I,Enfield,North Central London,51.56859,-0.11952
Morecambe Surgery,F85650,Enfield,North Central London,51.617202,-0.085799
Town Surgery,F85678,Enfield,North Central London,51.651932,-0.08104
River Place Health Centre,F83002,Islington,North Central London,51.540462,-0.096631
Archway Medical Centre,F83004,Islington,North Central London,51.56254,-0.12609
The Goodinge Group Practice,F83008,Islington,North Central London,51.5483,-0.125428
Elizabeth Avenue Group Practice,F83012,Islington,North Central London,51.5388,-0.0922
St Johns Way Medical Centre,F83015,Islington,North Central London,51.567921,-0.131239
St Peters Street Medical Practice,F83032,Islington,North Central London,51.53546,-0.10049
New North Health Centre,F83034,Islington,North Central London,51.5375,-0.091578
The Rise Group Practice,F83039,Islington,North Central London,51.5714,-0.124993
The Mitchison Road Surgery,F83056,Islington,North Central London,51.545059,-0.087856
Killick Street Health Centre,F83063,Islington,North Central London,51.533906,-0.118865
The Medical Centre,F83673,Islington,North Central London,51.48161,-0.213
Junction Medical Practice,F83674,Islington,North Central London,51.55703,-0.13776
Junction Medical Practice:  Dartmouth Park Hill,F83674001,Islington,North Central London,51.55703,-0.13776
Sobell Medical Centre,F83680,Islington,North Central London,51.55402,-0.11353
Stroud Green Medical Centre,F83686,Islington,North Central London,51.57043,-0.11514
Roman Way Medical Centre,F83007,Islington,North Central London,51.54449,-0.10556
Islington Central Medical Centre,F83010,Islington,North Central London,51.54518,-0.10348
Mildmay Medical Practice,F83053,Islington,North Central London,51.5525,-0.085716
Highbury Grange Medical Practice,F83660,Islington,North Central London,51.555097,-0.095249
The Beaumont Practice,F83671,Islington,North Central London,51.5714,-0.124993
Lichfield Grove Surgery,E83005,Barnet,North Central London,51.5996,-0.19323
Squires Lane Medical Practice,E83007,Barnet,North Central London,51.6025,-0.174963
Heathfielde Medical Centre,E83008,Barnet,North Central London,51.585224,-0.179772
PHGH Doctors,E83009,Barnet,North Central London,51.5811,-0.197831
The Everglade Medical Practice,E83011,Barnet,North Central London,51.6016,-0.244195
The Old Court House Surgery,E83012,Barnet,North Central London,51.6529,-0.201577
Cornwall House Surgery,E83013,Barnet,North Central London,51.617,-0.17545
Millway Medical Practice,E83016,Barnet,North Central London,51.615526,-0.243984
Watling Medical Centre,E83018,Barnet,North Central London,51.6033,-0.262007
St Andrews Medical Practice,E83024,Barnet,North Central London,51.6301,-0.172365
Parkview Surgery,E83028,Barnet,North Central London,51.60723,-0.257636
Parkview Surgery: Grahame Park Surgery,E83028001,Barnet,North Central London,52.76961,-1.202659
The Village Surgery,E83031,Barnet,North Central London,51.6482,-0.16829
Oak Lodge Medical Centre,E83032,Barnet,North Central London,51.6044,-0.2717
Colney Hatch Lane Surgery,E83034,Barnet,North Central London,51.60133,-0.14753
Wentworth Medical Practice,E83035,Barnet,North Central London,51.6077,-0.187909
Wentworth Medical Practice: Audley Medical Practice,E83035001,Barnet,North Central London,51.6077,-0.187909
Derwent Crescent Medical Centre,E83037,Barnet,North Central London,51.622311,-0.17511
Addington Medical Centre,E83044,Barnet,North Central London,51.649689,-0.176864
Friern Barnet Medical Centre,E83045,Barnet,North Central London,51.613237,-0.156458
East Finchley Medical Centre,E83050,Barnet,North Central London,51.5881,-0.162119
Deans Lane Medical Centre,E83668,Barnet,North Central London,51.616175,-0.260349
Woodlands Medical Practice,Y00316,Barnet,North Central London,51.5933,-0.1706
Hendon Way Surgery,Y03663,Barnet,North Central London,51.578741,-0.241119
Fitzrovia Medical Centre,E87066,Camden,North Central London,51.522469,-0.140447
Babylon GP at Hand: Drummond Street Surgery,F7B0O,Camden,North Central London,51.5263,-0.140615
Park End Surgery,F83003,Camden,North Central London,51.555991,-0.165626
Gower Street Practice,F83005,Camden,North Central London,51.520356,-0.130128
Primrose Hill Surgery,F83011,Camden,North Central London,51.5421,-0.156352
Hampstead Group Practice,F83017,Camden,North Central London,51.55354,-0.16308
Prince of Wales Group Surgery,F83018,Camden,North Central London,51.546535,-0.14698
Abbey Medical Centre,F83019,Camden,North Central London,51.5379,-0.185117
Adelaide Medical Centre,F83020,Camden,North Central London,51.5436,-0.1614
The Regents Park Practice,F83025,Camden,North Central London,51.52933,-0.1418
Gray's Inn Road Medical Centre,F83042,Camden,North Central London,51.5228,-0.1145
Ridgmount Practice,F83043,Camden,North Central London,51.520429,-0.131116
Fortune Green Road Surgery,F83050,Camden,North Central London,51.555241,-0.196693
Brookfield Park Surgery,F83052,Camden,North Central London,51.563932,-0.143139
Parliament Hill Surgery,F83057,Camden,North Central London,51.55532,-0.14556
Holborn Medical Centre,F83058,Camden,North Central London,51.522203,-0.118514
Museum Practice,F83061,Camden,North Central London,51.51828,-0.12536
Cholmley Gardens Surgery,F83615,Camden,North Central London,51.552171,-0.195195
Keats Group Practice,F83623,Camden,North Central London,51.55488,-0.171719
Queens Crescent Practice,F83632,Camden,North Central London,51.5497,-0.151765
Daleham Gardens Surgery,F83633,Camden,North Central London,51.54723,-0.17438
Kings Cross Surgery,F83635,Camden,North Central London,51.5299,-0.130592
Belsize Priory Medical Practice (Group),F83658,Camden,North Central London,51.5405,-0.185244
Swiss Cottage Surgery,F83665,Camden,North Central London,51.542992,-0.172025
Camden Health Improvement Practice,Y02674,Camden,North Central London,51.5282,-0.138346
East Enfield Practice: Brick Lane,B8T9I,Enfield,North Central London,51.6573,-0.048597
MHP: Southbury Surgery,D6Q8D,Enfield,North Central London,51.652,-0.0742
MHP: Bush Hill Park Medical Centre,D9T4W,Enfield,North Central London,52.6336,-1.10437
East Enfield Medical Centre,F85634,Enfield,North Central London,51.6462,-0.047096
MHP: Carlton House Surgery,I1Z8L,Enfield,North Central London,53.310016,-1.121541
MHP: Hertford Road Surgery,O0H1S,Enfield,North Central London,51.6325,-0.054155
MHP: Trinity Avenue Surgery,X6I6K,Enfield,North Central London,52.665701,0.163931
MHP: Willow House Surgery,Z3D3X,Enfield,North Central London,51.48523,-2.49707
Lawrence House Surgery,F85007,Haringey,North Central London,51.5887,-0.0785
Staunton Group Practice,F85008,Haringey,North Central London,51.59886,-0.11209
Tynemouth Medical Practice,F85013,Haringey,North Central London,51.5863,-0.068317
Charlton House Medical Centre,F85017,Haringey,North Central London,51.5953,-0.069246
Bruce Grove Primary Health Care Centre,F85028,Haringey,North Central London,51.59209,-0.07006
Bruce Grove Primary Health Care Centre: Castleview Surgery,F85028001,Haringey,North Central London,51.59209,-0.07006
Somerset Gardens Family Health Centre,F85030,Haringey,North Central London,51.6053,-0.073457
Westbury Medical Centre,F85031,Haringey,North Central London,51.59802,-0.09343
Arcadian Gardens Surgery,F85034,Haringey,North Central London,51.6067,-0.110759
Hornsey Park Surgery,F85046,Haringey,North Central London,51.5893,-0.109217
Havergal Surgery,F85060,Haringey,North Central London,51.5892,-0.102002
Christchurch Hall Surgery,F85061,Haringey,North Central London,51.57759,-0.12498
The Muswell Hill Practice,F85063,Haringey,North Central London,51.591,-0.141107
Stuart Crescent Health Centre,F85064,Haringey,North Central London,51.60017,-0.110402
Stuart Crescent Medical Practice,F85065,Haringey,North Central London,51.599877,-0.110565
Bounds Green Group Practice,F85066,Haringey,North Central London,51.6066,-0.126478
The 157 Medical Practice,F85067,Haringey,North Central London,51.5701,-0.114314
Crouch Hall Road Surgery,F85069,Haringey,North Central London,51.57943,-0.126265
Fernlea Surgery,F85071,Haringey,North Central London,51.5785,-0.072772
Tottenham Health Centre,F85615,Haringey,North Central London,51.604593,-0.068297
Grove Road Surgery,F85623,Haringey,North Central London,51.5812,-0.081679
Dowsett Road Surgery,F85628,Haringey,North Central London,51.59489,-0.06573
Cheshire Road Surgery,F85640,Haringey,North Central London,51.6072,-0.113686
West Green Surgery,F85669,Haringey,North Central London,51.5843,-0.099781
The Alexandra Surgery,F85675,Haringey,North Central London,51.598431,-0.12929
Rutland House Surgery,F85688,Haringey,North Central London,51.595221,-0.144626
The Old Surgery,F85697,Haringey,North Central London,51.58332,-0.09963
JS Medical Practice,F85705,Haringey,North Central London,51.5891,-0.078699
JS Medical Practice: Park Lane,F85705001,Haringey,North Central London,51.6023,-0.060199
JS Medical Practice: Westbury Avenue Surgery,F85705002,Haringey,North Central London,51.5936,-0.097719
Rutland House Surgery: Queens Avenue Practice,M4V7Y,Haringey,North Central London,50.546013,-3.496969
The Vale Practice,Y01655,Haringey,North Central London,51.416,-3.291
Bridge House Medical Practice,Y03135,Haringey,North Central London,51.577326,-0.099145
Tottenham Hale Medical Practice,Y05330,Haringey,North Central London,51.589455,-0.065154
Ritchie Street Group Practice,F83021,Islington,North Central London,51.534769,-0.108189
The Miller Practice,F83045,Islington,North Central London,51.5514,-0.092151
The Northern Medical Centre,F83060,Islington,North Central London,51.5511,-0.115531
City Road Medical Centre,F83064,Islington,North Central London,51.5279,-0.091101
Amwell Group Practice,F83652,Islington,North Central London,51.528181,-0.110409
Andover Medical Centre,F83666,Islington,North Central London,51.5618,-0.116446
Medicus Select Care,Y03103,Islington,North Central London,51.6625,-0.076758
First Avenue Surgery,F82003,Barking and Dagenham,North East London,51.52976,0.1568
First Avenue Surgery: Rainham Medical Centre,F82003001,Barking and Dagenham,North East London,51.498086,-0.009902
St Albans Surgery,F82017,Barking and Dagenham,North East London,51.53457,0.11355
St Albans Surgery: Maplestead Road Surgery,F82017002,Barking and Dagenham,North East London,51.53457,0.11355
Barking Medical Group Practice,F82018,Barking and Dagenham,North East London,51.5413,0.097267
Barking Medical Group Practice: Orchards Health Centre,F82018001,Barking and Dagenham,North East London,51.5538,0.1481
Faircross Health Centre,F82027,Barking and Dagenham,North East London,51.5538,0.1481
Victoria Medical Centre,F82034,Barking and Dagenham,North East London,51.49274,-0.13887
Valence Medical Centre,F82038,Barking and Dagenham,North East London,51.5631,0.147441
Valence Medical Centre: Grosvenor Medical Centre,F82038001,Barking and Dagenham,North East London,51.5631,0.147441
John Smith Medical Centre,F82040,Barking and Dagenham,North East London,51.5389,0.112139
Aurora Medcare: King Edwards Medical Centre,F82042002,Barking and Dagenham,North East London,51.5336,0.084281
Laburnum Health Centre,F82051,Barking and Dagenham,North East London,51.5538,0.1481
The White House Surgery,F82612,Barking and Dagenham,North East London,51.534264,0.087813
The White House: Green House Surgery,F82612001,Barking and Dagenham,North East London,51.534264,0.087813
Abbey Medical Centre,F82625,Barking and Dagenham,North East London,51.5379,-0.185117
Gables Surgery,F82642,Barking and Dagenham,North East London,51.5538,0.1481
Salisbury Avenue Surgery,F82647,Barking and Dagenham,North East London,51.53938,0.0827
Ripple Road Medical Centre,F82650,Barking and Dagenham,North East London,51.53806,0.079356
Tulasi Medical Centre: Parsoles Avenue Surgery,F82660001,Barking and Dagenham,North East London,51.551143,0.131051
Tulasi Medical Centre: Ripple Road Surgery,F82660002,Barking and Dagenham,North East London,51.53406,0.08472
Drs K Alkaisy & F Islam Associates,F82678,Barking and Dagenham,North East London,51.47846,-0.083784
Parkview Medical Centre,F82679,Barking and Dagenham,North East London,51.5451,0.1601
Shifa Medical Practice,Y01280,Barking and Dagenham,North East London,51.5538,0.1481
Stamford Hill Group Practice,F84013,City & Hackney,North East London,51.574,-0.071479
Kingsmead Healthcare,F84015,City & Hackney,North East London,51.5383,-0.0488
London Fields Medical Centre,F84021,City & Hackney,North East London,51.5431,-0.065518
Richmond Road Medical Centre,F84035,City & Hackney,North East London,51.5431,-0.065518
Athena Medical Centre,F84060,City & Hackney,North East London,51.5553,-0.05243
Well Street Surgery,F84069,City & Hackney,North East London,51.539529,-0.052776
De Beauvoir Surgery,F84072,City & Hackney,North East London,51.545956,-0.075853
Gadhvi Practice,F84080,City & Hackney,North East London,51.551474,-0.051568
The Lawson Practice,F84096,City & Hackney,North East London,51.549389,-0.047376
The Lea Surgery,F84105,City & Hackney,North East London,51.548409,-0.042752
The Statham Grove Surgery,F84115,City & Hackney,North East London,51.5575,-0.089445
Elsdale Street Sugery,F84601,City & Hackney,North East London,51.543017,-0.048723
The Riverside Practice,F84619,City & Hackney,North East London,51.5653,-0.051213
The Clapton Surgery,F84668,City & Hackney,North East London,51.5653,-0.051213
The Elm Practice,F84685,City & Hackney,North East London,51.549389,-0.047376
Cranwich Road Surgery,F84686,City & Hackney,North East London,51.5737,-0.081637
Brooke Road Surgery,F84694,City & Hackney,North East London,51.560721,-0.06667
Rosewood Practice,F84711,City & Hackney,North East London,51.551474,-0.051568
Latimer Health Centre,F84719,City & Hackney,North East London,51.546635,-0.049483
Healy Medical Centre,F84720,City & Hackney,North East London,51.567,-0.060042
Haiderian Medical Centre,F82002,Havering,North East London,51.54985,0.24743
Haiderian Medical Centre,F82002001,Havering,North East London,51.54985,0.24743
Cranham Village Surgery,F82006,Havering,North East London,51.56269,0.26573
Cranham Village Surgery: Little Gaynes Surgery,F82006001,Havering,North East London,51.56269,0.26573
The Greenwood Practice,F82007,Havering,North East London,51.5837,0.2208
The Greenwood Practice: Ardleigh Green Surgery,F82007001,Havering,North East London,51.5837,0.2208
Maylands Healthcare,F82008,Havering,North East London,51.5529,0.190583
North Street Medical Centre,F82009,Havering,North East London,51.5197,-0.2205
Petersfield Surgery,F82010,Havering,North East London,51.6057,0.232839
St. Edwards Medical Centre,F82011,Havering,North East London,51.5803,0.181755
Western Road Medical Centre,F82013,Havering,North East London,51.579001,0.18751
Harold Hill Health Centre: Heaton Avenue Surgery,F82014001,Havering,North East London,51.4879,-0.085987
The New Medical Centre,F82021,Havering,North East London,51.5048,-0.4762
Rosewood Practice,F82022,Havering,North East London,51.57706,0.17644
High Street Surgery,F82023,Havering,North East London,51.425,-0.219644
Wood Lane Surgery,F82028,Havering,North East London,51.59018,-0.005048
Lynwood Medical Centre,F82030,Havering,North East London,51.6018,0.1641
Rush Green Medical Centre (Dr B Beheshti),F82031,Havering,North East London,51.5715,0.015015
Dr Patel's Surgery,F82033,Havering,North East London,51.5406,0.03562
Rush Green Medical Centre (Dr S Poologanathan),F82039,Havering,North East London,51.5715,0.015015
Oak Road Medical Centre,F82045,Havering,North East London,51.5099,-0.2464
Upminster Medical Centre,F82053,Havering,North East London,51.55656,0.25394
Hornchurch Healthcare,F82055,Havering,North East London,51.548814,0.205717
Suttons Avenue Surgery,F82609,Havering,North East London,51.5563,0.219268
Mawney Road Surgery,F82610,Havering,North East London,52.1149,-0.448504
Harlow Road Surgery,F82619,Havering,North East London,51.52477,-0.20129
Upminster Bridge Surgery,F82624,Havering,North East London,51.495211,-0.084197
Rainham Health Centre,F82627,Havering,North East London,52.1267,-0.459576
Chase Cross Medical Centre,F82630,Havering,North East London,51.599949,0.164462
Modern Medical Centre,F82638,Havering,North East London,51.5654,0.177606
Ingrebourne Medical Centre,F82648,Havering,North East London,51.599107,0.211192
Berwick Surgery,F82649,Havering,North East London,51.5267,0.2141
Dr Marks Practice,F82663,Havering,North East London,51.5724,0.191666
South End Road & Stanley Road Surgery,F82666,Havering,North East London,51.598919,0.01661
South End Road & Stanley Road Surgery: Stanley Road Surgery,F82666001,Havering,North East London,51.598919,0.01661
Straight Road Surgery,F82671,Havering,North East London,51.59918,0.21105
Billet Lane Medical Practice,F82675,Havering,North East London,51.56675,0.21899
Market Street Health Group,F84004,Newham,North East London,51.531,0.057504
Upton Lane Medical Centre,F84014,Newham,North East London,51.54326,0.026363
Star Lane Medical Centre,F84017,Newham,North East London,51.5199,0.0107
The Stratford Health Centre,F84022,Newham,North East London,51.54522,0.00473
Custom House Teaching & Training Medical Practice,F84047,Newham,North East London,51.577326,-0.099145
Essex Lodge Surgery,F84052,Newham,North East London,51.5272,0.027643
Greengate Medical Centre,F84053,Newham,North East London,51.52537,0.02808
Lathom Road Medical Centre,F84070,Newham,North East London,51.5377,0.0521
Wordsworth Health Centre,F84074,Newham,North East London,51.5416,0.048996
Plashet Road Medical Centre,F84088,Newham,North East London,51.537473,0.032305
Glen Road Medical Centre,F84092,Newham,North East London,51.52215,0.03211
Claremont Clinic,F84097,Newham,North East London,51.547626,0.035327
Abbey Road Medical Centre,F84111,Newham,North East London,51.534777,0.006085
The Project Surgery,F84124,Newham,North East London,51.531986,0.019707
Birchdale Road Medical Centre,F84641,Newham,North East London,51.547505,0.03813
AT Medics: Lucas Avenue Practice,F84642,Newham,North East London,51.5363,0.03072
Cumberland Medical Centre,F84657,Newham,North East London,51.518571,0.025656
Sangam Surgery,F84658,Newham,North East London,51.53837,0.051987
Dr CM Patel's Surgery,F84660,Newham,North East London,51.5406,0.03562
Newham Medical Centre,F84669,Newham,North East London,51.535124,0.053656
"Westbury Road Medical Practice,",F84670,Newham,North East London,51.545256,0.029999
Woodgrange Medical Practice,F84724,Newham,North East London,51.5486,0.025268
The Manor Park Practice,F84729,Newham,North East London,51.5478,0.053847
E12 Medical Centre,F84739,Newham,North East London,51.5409,0.050435
AT Medics: E16 Health: Pontoon Dock Surgery,Y02928001,Newham,North East London,51.5019,0.030546
Stratford Village Surgery,F84009,Newham,North East London,51.542097,0.006831
St Bartholomew's Surgery,F84010,Newham,North East London,51.531968,0.053146
Gants Hill Medical Centre,F86008,Redbridge,North East London,51.51504,-0.20676
The Palms Medical Centre,F86009,Redbridge,North East London,51.577,0.088546
Rydal Group Practice,F86012,Redbridge,North East London,51.55488,-0.171719
The Broadway Surgery,F86013,Redbridge,North East London,51.51975,-0.32251
Ilford Medical Centre,F86022,Redbridge,North East London,51.553008,0.073235
The Evergreen Practice,F86023,Redbridge,North East London,51.578081,0.025665
Oak Tree Medical Centre,F86025,Redbridge,North East London,51.560738,0.096545
Chadwell Heath Surgery,F86028,Redbridge,North East London,51.57326,0.12528
Wanstead Place Surgery,F86032,Redbridge,North East London,51.578412,0.02479
Balfour Road Surgery,F86042,Redbridge,North East London,51.554574,-0.093913
Southdene Surgery,F86066,Redbridge,North East London,51.5944,0.024808
The Eastern Avenue Medical Centre,F86083,Redbridge,North East London,51.58097,0.07349
Hainault Surgery,F86085,Redbridge,North East London,51.6022,0.086121
Goodmayes Medical Centre,F86087,Redbridge,North East London,51.56719,0.1099
The Fullwell Avenue Surgery,F86612,Redbridge,North East London,51.5964,0.072123
The Shrubberies Medical Centre,F86641,Redbridge,North East London,51.59477,0.02435
Castleton Road Health Centre,F86642,Redbridge,North East London,52.1267,-0.459576
The Drive Surgery,F86652,Redbridge,North East London,51.5722,-0.003
York Road Surgery,F86657,Redbridge,North East London,51.466946,-0.178142
Clayhall Clinic,F86691,Redbridge,North East London,51.5867,0.0433
Clayhall Clinic: Roding Lane Surgery,F86691001,Redbridge,North East London,51.5867,0.0433
Mathukia's Surgery,F86692,Redbridge,North East London,51.5498,0.07537
The Cranbrook Surgery,F86698,Redbridge,North East London,51.5906,0.0288
The Redbridge Surgery,F86703,Redbridge,North East London,51.578323,0.053087
Fencepiece Road Medical Centre,F86707,Redbridge,North East London,51.600265,0.084373
The Doctor's House,Y00090,Redbridge,North East London,51.49927,-0.12592
Granville Medical Centre,Y00918,Redbridge,North East London,51.5632,0.070974
Glebelands Practice,F86020,Redbridge,North East London,51.55776,-0.08387
Goodmayes Medical Practice,F86034,Redbridge,North East London,51.56327,0.11371
St Clement's Surgery,F86702,Redbridge,North East London,52.762792,0.298255
Grove Surgery,Y00155,Redbridge,North East London,51.5792,-0.010956
Albion Health Centre,F84012,Tower Hamlets,North East London,51.5245,-0.0426
The Mission Practice,F84016,Tower Hamlets,North East London,51.5314,-0.056468
Jubilee Street Practice,F84031,Tower Hamlets,North East London,51.500642,-0.124592
St. Stephens Health Centre,F84034,Tower Hamlets,North East London,51.5325,-0.031176
Harley Grove Medical Centre,F84044,Tower Hamlets,North East London,51.52758,-0.02751
Strouts Place Medical Centre,F84051,Tower Hamlets,North East London,51.528437,-0.074164
The Grove Road Surgery,F84055,Tower Hamlets,North East London,51.5298,-0.03886
The Chrisp Street Health Centre,F84062,Tower Hamlets,North East London,51.5141,-0.0509
The Spitalfields Practice,F84081,Tower Hamlets,North East London,51.517401,-0.069543
"City Square Medical Group,",F84114,Tower Hamlets,North East London,51.51141,-0.04898
XX Place Health Centre,F84122,Tower Hamlets,North East London,51.524405,-0.042795
Suttons Wharf Health Centre: Queen Mary University of London,F84123001,Tower Hamlets,North East London,51.525,-0.042192
St. Katherine's Dock Practice,F84731,Tower Hamlets,North East London,51.507,-0.068271
Health E1 Homeless Medical Centre,F84733,Tower Hamlets,North East London,51.5245,-0.0426
The Firs Medical Practice,F86001,Waltham Forest,North East London,51.563435,-0.007063
Seymour Medical Centre,F86006,Waltham Forest,North East London,51.568486,-0.029588
The Manor Practice,F86011,Waltham Forest,North East London,51.571731,-0.020688
The Ecclesbourne Practice,F86018,Waltham Forest,North East London,51.563435,-0.007063
The Forest Surgery,F86026,Waltham Forest,North East London,51.5947,-0.005022
The Ecclesbourne Practice: The Roding Valley Medical Practice,F86018002,Waltham Forest,North East London,51.5154,-0.18548
The Allum Medical Centre,F86036,Waltham Forest,North East London,51.570324,0.002766
SMA Medical Practice,F86038,Waltham Forest,North East London,51.571622,-0.0086
High Road Surgery,F86045,Waltham Forest,North East London,51.598392,0.021063
The Ridgeway Surgery,F86078,Waltham Forest,North East London,51.6287,-0.011016
The Lyndhurst Surgery,F86088,Waltham Forest,North East London,51.5722,-0.003
LL Medical Care,F86625,Waltham Forest,North East London,51.5554,0.002114
Churchill Medical Centre,F86627,Waltham Forest,North East London,51.6182,-0.018452
Lime Tree Surgery,F86650,Waltham Forest,North East London,51.554959,0.005226
Larkshall Medical Centre,F86664,Waltham Forest,North East London,51.628,0.003609
The Harrow Surgery,F86666,Waltham Forest,North East London,51.563435,-0.007063
Higham Hill Medical Centre,F86679,Waltham Forest,North East London,51.59532,-0.0347
Francis Road Medical Centre,F86696,Waltham Forest,North East London,51.5623,-0.004
Kiyani Medical Practice,F86701,Waltham Forest,North East London,51.5554,0.002114
Langthorne Sharma Family Practice,F86705,Waltham Forest,North East London,51.5554,0.002114
Claremont Medical Centre,F86708,Waltham Forest,North East London,51.594671,-0.033266
Hampton Medical Centre,F86712,Waltham Forest,North East London,51.418476,-0.372592
Chingford Medical Practice,Y01291,Waltham Forest,North East London,51.6161,-0.022532
Sinott Medical Centre,Y01839,Waltham Forest,North East London,51.5525,0.0016
The Penrhyn Surgery,F86005,Waltham Forest,North East London,51.59712,-0.02363
Queens Road Medical Centre,F86030,Waltham Forest,North East London,51.579511,-0.021356
Crawley Road Medical Centre,F86044,Waltham Forest,North East London,51.5657,-0.0108
Grove Surgery,F86062,Waltham Forest,North East London,51.5789,-0.010852
The Microfaculty,F86638,Waltham Forest,North East London,51.563435,-0.007063
Kings Head Medical Practice,F86700,Waltham Forest,North East London,51.6357,-0.011433
Halbutt Street Surgery,F82001,Barking & Dagenham,North East London,51.547,0.146756
Church Elm Lane Medical Centre,F82005,Barking & Dagenham,North East London,51.540123,0.154803
North Street Medical Care: Chadwell Heath Health Centre,F82009001,Barking & Dagenham,North East London,58.592972,-3.520102
Five Elms Medical Practice,F82012,Barking & Dagenham,North East London,51.553663,0.142778
Hedgemans Surgery,F82015,Barking & Dagenham,North East London,51.53986,0.142662
Chadwell Heath Health Centre (Dr Hamilton-Smith),F82019,Barking & Dagenham,North East London,51.5678,0.1231
Dewey Practice (Dr Christopher),F82621,Barking & Dagenham,North East London,51.545105,0.160077
Tulasi Medical Centre,F82660,Barking & Dagenham,North East London,51.561,0.124504
Green Lane Surgery,F82661,Barking & Dagenham,North East London,51.5616,0.130886
Dr A Moghal's Practice,F82677,Barking & Dagenham,North East London,51.5514,0.115358
Ashton Gardens Surgery,F82686,Barking & Dagenham,North East London,51.5737,0.14012
The Surgery (Dr A Arif),F86040,Barking & Dagenham,North East London,51.5514,0.115358
The Oval Practice,Y01795,Barking & Dagenham,North East London,51.551469,0.158881
Porters Avenue Surgery: Child and Family Health Centre,Y02575001,Barking & Dagenham,North East London,51.53563,0.07925
Beechwood Medical Centre,F84038,City & Hackney,North East London,51.5461,-0.070581
Queensbridge Group Practice,F84117,City & Hackney,North East London,51.5415,-0.071469
The Wick Health Centre: Median Road Surgery,F84620001,City & Hackney,North East London,51.547423,-0.037386
Barretts Grove Surgery,F84636,City & Hackney,North East London,51.552198,-0.07827
Harold Hill Health Centre,F82014,Havering,North East London,51.6063,0.2253
Central Park Surgery,F82016,Havering,North East London,51.6063,0.2253
South Hornchurch Medical Practice,F82607,Havering,North East London,51.5312,0.191157
Abbamoor Surgery,F82670,Havering,North East London,51.603293,0.228285
Avon Road Surgery,F82674,Havering,North East London,51.56892,0.265951
The Robins Surgery,Y00312,Havering,North East London,51.603293,0.228285
Tollgate Medical Centre,F84093,Newham,North East London,51.5156,0.056376
East End Medical Centre,F84677,Newham,North East London,51.53733,0.02569
Newham Transitional Practice,F84740,Newham,North East London,51.5478,0.053847
AT Medics: Carpenters Practice,F84749,Newham,North East London,51.53733,-0.0034
AT Medics: St. Luke's Practice,F84749002,Newham,North East London,51.5119,0.01361
Cumberland Medical Centre,W7J9Z,Newham,North East London,51.518571,0.025656
Chigwell Medical Centre,F81062,Redbridge,North East London,51.6055,0.083891
Ilford Medical Centre Branch,P9T5K,Redbridge,North East London,51.55654,0.07441
Mathukia's Surgery Branch,Y7H9K,Redbridge,North East London,51.5498,0.07537
GP at Hand - Cabot Place,E3M7U,Tower Hamlets,North East London,51.5051,-0.020943
Goodman's Fields Health Centre,F84039,Tower Hamlets,North East London,51.513375,-0.068868
Suttons Wharf Health Centre,F84123,Tower Hamlets,North East London,51.5292,-0.041827
Roserton Street Surgery,F84647,Tower Hamlets,North East London,51.498493,-0.010051
Docklands Medical Centre,F84656,Tower Hamlets,North East London,51.4912,-0.021129
Tredegar Practice,F84696,Tower Hamlets,North East London,51.53131,-0.03183
Island Health,F84710,Tower Hamlets,North East London,51.497104,-0.012954
City Square Medical Group: Cable Street,T5S9Y,Tower Hamlets,North East London,51.51141,-0.04898
Wood Street Health Centre,F86086,Waltham Forest,North East London,51.587882,-0.003295
The Bailey Practice,F86689,Waltham Forest,North East London,51.5832,-0.009036
2,1,1,North West London,51.54091,-0.000456
Forty Willows Surgery,E84002,Brent,North West London,51.565534,-0.271695
The Law Medical Group Practice,E84006,Brent,North West London,51.53367,-0.23392
The Law Medical Group Practice: Harrow Road Surgery,E84006001,Brent,North West London,51.5482,-0.277183
"Mapesbury Medical Group, The Windmill Medical Practice",E84012,Brent,North West London,51.53367,-0.23392
Mapesbury Medical Group: Cricklewood Broadway Surgery,E84012001,Brent,North West London,51.5515,-0.209459
Church End Medical Centre,E84013,Brent,North West London,51.54797,-0.25339
Willow Tree Family Doctors,E84015,Brent,North West London,51.58979,-0.26553
Sudbury & Alperton Medical Centre,E84017,Brent,North West London,51.5369,-0.298032
Sudbury & Alperton Medical Centre: Watford Road Surgery,E84017001,Brent,North West London,51.5369,-0.298032
The Willesden Medical Centre,E84021,Brent,North West London,51.5475,-0.233859
Lonsdale Medical Group,E84025,Brent,North West London,51.5515,-0.209459
Lonsdale Medical Group: Blessing Medical Centre,E84025001,Brent,North West London,51.533083,-0.205141
Preston Hill Surgery,E84030,Brent,North West London,51.5801,-0.288957
Brentfield Medical Centre,E84031,Brent,North West London,51.550547,-0.260464
Gladstone Medical Centre,E84036,Brent,North West London,51.5587,-0.246106
The Fryent Way Surgery,E84048,Brent,North West London,51.583,-0.28055
Brampton Health Centre,E84049,Brent,North West London,51.5861,-0.277372
Stanley Corner Medical Centre,E84051,Brent,North West London,51.5443,-0.296605
Lancelot Medical Centre,E84063,Brent,North West London,51.5529,-0.299485
Hazeldene Medical Centre,E84066,Brent,North West London,51.553565,-0.293536
Hazeldene Medical Centre: The Eagle Eye Surgery,E84066001,Brent,North West London,51.545969,-0.299618
Hazeldene Medical Centre: Crest Medical Centre,E84066002,Brent,North West London,51.550547,-0.260464
Hazeldene Medical Centre: Chamberlayne Road Surgery,E84066003,Brent,North West London,51.535516,-0.220472
Church Lane Surgery,E84067,Brent,North West London,51.5749,-0.26215
Freuchen Medical Centre,E84074,Brent,North West London,51.5345,-0.242984
Oxgate Gardens Surgery,E84076,Brent,North West London,51.5645,-0.227777
Staverton Surgery,E84080,Brent,North West London,51.5444,-0.22596
Walm Lane Surgery,E84086,Brent,North West London,51.549984,-0.219665
Preston Road Surgery,E84620,Brent,North West London,51.5649,-0.292428
Harrow Road Surgery,E84635,Brent,North West London,51.5266,-0.206689
Alperton Medical Centre,E84638,Brent,North West London,51.5429,-0.294204
Park Royal Medical Centre,E84645,Brent,North West London,51.5309,-0.269146
Neasden Medical Centre,E84665,Brent,North West London,51.55927,-0.24818
Neasden Medical Centre : Greenhill Park Medical Centre,E84665001,Brent,North West London,51.5384,-0.25352
Chichele Road Surgery,E84674,Brent,North West London,51.5548,-0.216252
Preston Medical Centre,E84678,Brent,North West London,51.56303,-0.29241
The Tudor House Medical Centre,E84684,Brent,North West London,51.5645,-0.266675
Kings Edge Medical Centre,E84699,Brent,North West London,51.595,-0.268777
Willesden Green Surgery,E84702,Brent,North West London,51.55368,-0.21685
Belgravia Surgery,E87005,Central London,North West London,51.495,-0.148545
Paddington Green Health Centre,E87008,Central London,North West London,51.521226,-0.173459
Maida Vale Medical Centre,E87010,Central London,North West London,51.5284,-0.188782
Lisson Grove Health Centre,E87011,Central London,North West London,51.5247,-0.169309
Pimlico Health at The Marven,E87034,Central London,North West London,51.584981,-0.090653
Connaught Square Practice,E87037,Central London,North West London,51.51373,-0.16375
Covent Garden Medical Centre,E87045,Central London,North West London,51.515156,-0.124725
Crawford Street Surgery,E87070,Central London,North West London,51.519379,-0.161247
St Johns Wood Medical Practice,E87609,Central London,North West London,51.532836,-0.174617
Mayfair Medical Centre,E87648,Central London,North West London,51.513506,-0.150203
Imperial College Health Centre,E87677,Central London,North West London,51.4987,-0.171997
Marylebone Health Centre,E87737,Central London,North West London,51.5228,-0.151525
Millbank Medical Centre,E87739,Central London,North West London,51.494065,-0.127166
The Doctor Hickey Surgery,E87740,Central London,North West London,51.4958,-0.131486
Woodfield Road Medical Centre,E87741,Central London,North West London,51.553565,-0.293536
Dr Victoria Muir's Practice,E87753,Central London,North West London,51.561657,-0.093781
Kings College Health Centre,E87768,Central London,North West London,51.5123,-0.117753
The Westbourne Green Surgery,Y00902,Central London,North West London,51.52041,-0.19064
KS Medical Centre,E85012,Ealing,North West London,51.511365,-0.31733
Westseven GP,E85013,Ealing,North West London,51.524808,-0.312305
Northfields Surgery,E85014,Ealing,North West London,51.50464,-0.318625
Crown Street Surgery,E85019,Ealing,North West London,51.5074,-0.273785
Yeading Medical Centre,E85021,Ealing,North West London,51.511365,-0.31733
Chepstow Gardens Medical Centre,E85023,Ealing,North West London,51.517637,-0.375137
Gordon House Surgery,E85026,Ealing,North West London,51.554977,-0.151227
Hillcrest Surgery,E85028,Ealing,North West London,51.5081,-0.2719
Grosvenor House Surgery,E85034,Ealing,North West London,51.5054,-0.3056
Hanwell Health Centre,E85041,Ealing,North West London,51.5062,-0.270184
Eastmead Avenue Surgery,E85046,Ealing,North West London,51.50464,-0.318625
Belmont Medical Centre,E85049,Ealing,North West London,51.5009,-0.385189
Greenford Road Medical Centre,E85050,Ealing,North West London,51.511365,-0.31733
Greenford Avenue Family Health Practice,E85051,Ealing,North West London,51.4631,-0.133655
The Medical Centre,E85053,Ealing,North West London,51.511365,-0.31733
Hillview Surgery,E85054,Ealing,North West London,51.51999,-0.29759
Queens Walk Practice,E85057,Ealing,North West London,51.5248,-0.312971
Welcome Practice,E85061,Ealing,North West London,51.51172,-0.31932
West End Surgery,E85064,Ealing,North West London,51.518662,-0.146549
The Bedford Park Surgery,E85066,Ealing,North West London,51.496,-0.262288
Oldfield Family Practice,E85069,Ealing,North West London,51.53045,-0.35096
Elmbank Surgery,E85088,Ealing,North West London,51.52532,-0.3418
Hammond Road Surgery,E85090,Ealing,North West London,51.51999,-0.29759
St Mark's Medical Centre,E85091,Ealing,North West London,51.52947,-0.30281
Islip Manor Medical Centre,E85098,Ealing,North West London,51.5473,-0.373001
The Avenue Surgery,E85099,Ealing,North West London,51.5125,-0.378089
Lady Margaret Road Medical Centre,E85103,Ealing,North West London,51.5132,-0.375773
Mandeville Medical Centre,E85108,Ealing,North West London,51.511365,-0.31733
The Acton Health Centre,E85109,Ealing,North West London,51.502293,-0.284731
Perivale Medical Clinic,E85111,Ealing,North West London,51.5351,-0.333915
Elmtrees Surgery,E85112,Ealing,North West London,51.51999,-0.29759
The Cuckoo Lane Practice,E85116,Ealing,North West London,51.515179,-0.338022
The MWH Practice,E85119,Ealing,North West London,51.51172,-0.31932
The MWH Practice: Vincent Road Surgery,E85119001,Ealing,North West London,51.4718,-0.394696
The Argyle Surgery,E85120,Ealing,North West London,51.51975,-0.32251
The Guru Nanak Medical Centre,E85121,Ealing,North West London,51.5123,-0.387
The Guru Nanak Medical Centre: Botwell Medical Centre,E85121001,Ealing,North West London,51.5123,-0.387
Florence Road Surgery,E85122,Ealing,North West London,51.511737,-0.298496
The Corfton Road Surgery,E85123,Ealing,North West London,51.51999,-0.29759
The Barnabas Medical Centre,E85127,Ealing,North West London,51.48161,-0.213
The Mansell Road Practice,E85129,Ealing,North West London,51.51172,-0.31932
Acton Town Medical Centre,E85617,Ealing,North West London,51.5025,-0.282156
Elthorne Park Surgery,E85628,Ealing,North West London,51.50378,-0.32633
Southall Medical Centre,E85633,Ealing,North West London,51.52133,-0.36929
Southall Medical Centre: Norwood Road Surgery,E85633001,Ealing,North West London,51.4987,-0.379805
The Vale Surgery,E85635,Ealing,North West London,51.417392,-0.136418
Meadow View Surgery,E85643,Ealing,North West London,51.425548,-0.029859
Sunrise Medical Centre,E85656,Ealing,North West London,51.51124,-0.382121
Ealing Park Health Centre,E85657,Ealing,North West London,51.497048,-0.305204
The Saluja Clinic,E85663,Ealing,North West London,51.511025,-0.301857
The Horn Lane Surgery,E85677,Ealing,North West London,51.51464,-0.26872
Acton Lane Medical Centre,E85687,Ealing,North West London,51.5025,-0.282156
The Boileau Road Surgery,E85694,Ealing,North West London,51.5194,-0.286822
The Avenue Surgery,E85721,Ealing,North West London,51.5125,-0.378089
The Grove Medical Practice,E85725,Ealing,North West London,53.5471,-1.48596
Mattock Lane Health Centre,E85726,Ealing,North West London,51.5099,-0.315206
St. Georges Medical Centre,E85743,Ealing,North West London,51.5587,-0.246106
Somerset Family Health Practice,Y01221,Ealing,North West London,51.6053,-0.073457
Featherstone Road Health Centre,Y02342,Ealing,North West London,51.497048,-0.305204
North End Medical Centre,E85003,Hammersmith & Fulham,North West London,51.487644,-0.203812
The Westway Surgery,E85005,Hammersmith & Fulham,North West London,51.514601,-0.240456
North Fulham Surgery,E85008,Hammersmith & Fulham,North West London,51.4864,-0.199335
Richford Gate Medical Centre,E85016,Hammersmith & Fulham,North West London,51.50044,-0.22656
Brook Green Medical Centre,E85020,Hammersmith & Fulham,North West London,51.4952,-0.22093
Ashchurch Surgery,E85032,Hammersmith & Fulham,North West London,51.4862,-0.2165
The New Surgery,E85042,Hammersmith & Fulham,North West London,51.50602,-0.23562
The Bush Doctors,E85055,Hammersmith & Fulham,North West London,51.5174,-0.234707
The Fulham Medical Centre,E85118,Hammersmith & Fulham,North West London,51.480571,-0.193078
Parkview Health Centre: West End Road Surgery,E85624001,Hammersmith & Fulham,North West London,52.4356,-1.46418
Park Medical Centre,E85636,Hammersmith & Fulham,North West London,51.496918,-0.242942
The Lilyville Surgery,E85685,Hammersmith & Fulham,North West London,51.4738,-0.199141
Ashville Surgery,E85719,Hammersmith & Fulham,North West London,51.4862,-0.2165
Kings Road Surgery,E84005,Harrow,North West London,51.569,-0.377379
Enderley Road Medical Centre,E84009,Harrow,North West London,51.602717,-0.340648
Bacon Lane Surgery,E84014,Harrow,North West London,51.588006,-0.270322
Streatfield Health Centre,E84018,Harrow,North West London,51.5938,-0.308106
Roxbourne Medical Centre,E84022,Harrow,North West London,51.566771,-0.362922
The Pinn Medical Centre,E84024,Harrow,North West London,51.59571,-0.38061
Honeypot Medical Centre,E84039,Harrow,North West London,51.597,-0.294531
The Northwick Surgery,E84044,Harrow,North West London,51.5826,-0.3288
The Stanmore Medical Centre,E84057,Harrow,North West London,51.60145,-0.30439
The Stanmore Medical Centre: William Drive Surgery,E84057002,Harrow,North West London,51.60145,-0.30439
GP Direct,E84058,Harrow,North West London,51.5653,-0.3559
GP Direct: Eastcote Lane Surgery,E84058001,Harrow,North West London,51.5653,-0.3559
Elliott Hall Medical Centre,E84061,Harrow,North West London,51.40438,-0.192032
The Shaftesbury Medical Centre,E84062,Harrow,North West London,51.48161,-0.213
The Ridgeway Surgery,E84068,Harrow,North West London,51.6287,-0.011016
Belmont Health Centre: Long Elms Surgery,E84069001,Harrow,North West London,51.6011,-0.320599
Pinner View Medical Centre,E84070,Harrow,North West London,51.5859,-0.35029
Kenton Bridge Medical Centre,E84601,Harrow,North West London,51.582169,-0.31608
The Civic Medical Centre,E84617,Harrow,North West London,51.5874,-0.3377
The Streatfield Medical Centre,E84646,Harrow,North West London,51.5956,-0.298725
Kenton Clinic,E84647,Harrow,North West London,51.580286,-0.337642
"Aspri Medical Centre,",E84658,Harrow,North West London,51.6045,-0.342988
Kenton Bridge Medical Centre - Naila Razaq,E84663,Harrow,North West London,51.582169,-0.31608
Headstone Lane Medical Centre,E84676,Harrow,North West London,51.600718,-0.356183
Headstone Road Surgery,E84680,Harrow,North West London,51.5838,-0.340898
Savita Medical Centre,E84681,Harrow,North West London,51.52285,-0.148384
Savita Medical Centre: Spencer Road Surgery,E84681001,Harrow,North West London,51.55532,-0.14556
St Peter's Medical Centre,E84693,Harrow,North West London,51.5765,-0.350686
First Choice Medical Care,Y05080,Harrow,North West London,51.57153,-0.37545
Mountwood Surgery,E86001,Hillingdon,North West London,51.61016,-0.43236
The Medical Centre,E86004,Hillingdon,North West London,51.48161,-0.213
The Oakland Medical Centre,E86005,Hillingdon,North West London,51.5456,-0.45167
The Devonshire Lodge Practice,E86006,Hillingdon,North West London,51.5793,-0.397392
Belmont Medical Centre,E86009,Hillingdon,North West London,51.5009,-0.385189
Oxford Drive Medical Centre,E86011,Hillingdon,North West London,51.5677,-0.392992
Wood Lane Medical Centre,E86012,Hillingdon,North West London,51.54326,0.026363
Cedars Medical Centre,E86014,Hillingdon,North West London,51.61609,-0.0741
Central Uxbridge Surgery,E86015,Hillingdon,North West London,51.526142,-0.479852
Yeading Court Surgery,E86020,Hillingdon,North West London,51.5283,-0.400076
The Abbotsbury Practice,E86022,Hillingdon,North West London,51.5793,-0.397392
King Edwards Medical Centre,E86024,Hillingdon,North West London,51.5336,0.084281
King Edwards Medical Centre: Swakeleys Medical Centre,E86024001,Hillingdon,North West London,51.5336,0.084281
Parkview Surgery,E86026,Hillingdon,North West London,51.60723,-0.257636
Otterfield Medical Centre,E86027,Hillingdon,North West London,51.51448,-0.47062
Eastbury Surgery,E86028,Hillingdon,North West London,51.612,-0.423868
Cedar Brook Practice,E86029,Hillingdon,North West London,51.53367,-0.41402
St Martins Medical Centre,E86033,Hillingdon,North West London,51.57766,-0.42521
St Martins Medical Centre: Aylsham Drive Surgery,E86033001,Hillingdon,North West London,51.567,-0.435928
Church Road Surgery,E86034,Hillingdon,North West London,51.59478,-0.19272
Glendale House Surgery,E86038,Hillingdon,North West London,51.6381,-0.046043
Ladygate Lane Medical Practice,E86605,Hillingdon,North West London,51.5805,-0.436446
North Hyde Practice,E86609,Hillingdon,North West London,51.49782,-0.41331
Willow Tree Surgery,E86610,Hillingdon,North West London,51.5251,-0.386825
Acrefield Surgery,E86615,Hillingdon,North West London,51.5622,-0.382294
Wallasey Medical Centre,E86619,Hillingdon,North West London,51.56586,-0.45187
West London Medical Centre,E86620,Hillingdon,North West London,51.52576,-0.45336
Kincora Doctors Surgery,E86625,Hillingdon,North West London,51.511626,-0.412469
Queens Walk Medical Centre,E86626,Hillingdon,North West London,51.5627,-0.39314
Walnut Way Practice,E86629,Hillingdon,North West London,51.44545,-0.02132
Acorn Medical Centre,E86632,Hillingdon,North West London,51.542002,-0.450756
Southcote Clinic,E86640,Hillingdon,North West London,51.4428,-1.0119
St. Margarets Medical Practice,E85007,Hounslow,North West London,52.438023,-1.807232
Hounslow Medical Centre,E85015,Hounslow,North West London,51.4694,-0.376826
Carlton Surgery,E85024,Hounslow,North West London,51.4533,-0.404583
Mount Medical Centre,E85035,Hounslow,North West London,51.4406,-0.387775
Twickenham Park Medical Centre,E85045,Hounslow,North West London,51.43705,-0.37272
Cranford Medical Centre,E85052,Hounslow,North West London,51.4819,-0.412415
Firstcare Practice,E85062,Hounslow,North West London,51.4733,-0.3949
Clifford House Medical Practice,E85071,Hounslow,North West London,51.577326,-0.099145
The Medical Centre,E85096,Hounslow,North West London,51.48161,-0.213
Crosslands Surgery,E85114,Hounslow,North West London,51.4733,-0.3949
Holly Road Medical Centre,E85658,Hounslow,North West London,51.4928,-0.260364
Glebe Street Surgery,E85683,Hounslow,North West London,51.4914,-0.256845
Wellesley Road Practice,E85692,Hounslow,North West London,51.4901,-0.28204
Grove Park Surgery,E85693,Hounslow,North West London,51.48442,-0.27316
Clifford Road Surgery,E85696,Hounslow,North West London,51.47048,-0.39416
"Greenbrook Bedfont, Bedfont Clinic",E85697,Hounslow,North West London,51.455974,-0.458161
Skyways Medical Centre,E85707,Hounslow,North West London,51.4774,-0.393087
Bath Road Surgery,E85716,Hounslow,North West London,51.4694,-0.376826
Hatton Medical Practice,E85718,Hounslow,North West London,51.45813,-0.43282
Little Park Surgery,E85736,Hounslow,North West London,51.442555,-0.387744
Grove Park Terrace Surgery,E85746,Hounslow,North West London,51.48442,-0.27316
Stanhope Mews Surgery,E87013,West London,North West London,51.4945,-0.181917
Holland Park Surgery,E87016,West London,North West London,51.5014,-0.194421
Shirland Medical,E87021,West London,North West London,51.5306,-0.207627
The Golborne Medical Centre,E87024,West London,North West London,51.524,-0.2067
Meanwhile Garden Medical Centre,E87026,West London,North West London,51.52223,-0.20243
Portland Road Practice,E87029,West London,North West London,51.50767,-0.20804
Elgin Clinic,E87038,West London,North West London,51.486,-0.3159
Emperor's Gate Centre for Health,E87043,West London,North West London,51.523,-0.14379
The Pembridge Villas Surgery,E87061,West London,North West London,51.512576,-0.197298
Kings Road Medical Centre,E87063,West London,North West London,51.4804,-0.184754
Grand Union Health Centre,E87637,West London,North West London,51.52009,-0.19096
The Chelsea Practice,E87665,West London,North West London,51.48296,-0.17533
Kynance Practice,E87702,West London,North West London,51.56468,-0.44699
The Foreland Medical Centre,E87706,West London,North West London,51.513,-0.2129
Kensington Park Medical Centre,E87720,West London,North West London,51.49669,-0.20774
Lancaster Gate Medical Centre,E87722,West London,North West London,51.511445,-0.183232
Brompton Medical Centre,E87746,West London,North West London,51.4867,-0.1885
The Health Centre,E87751,West London,North West London,51.4365,-0.091
The Good Practice,E87762,West London,North West London,51.48277,-0.17775
Half Penny Steps Health Centre,Y02842,West London,North West London,51.526137,-0.206335
Uxendon Crescent Surgery,E84007,Brent,North West London,51.572598,-0.293845
Jai Medical Centre,E84020,Brent,North West London,51.5982,-0.270706
Jai Medical Centre: The Sheldon Practice,E84020001,Brent,North West London,52.4605,-1.77766
Kilburn Park Medical Centre,E84042,Brent,North West London,51.5326,-0.199357
Roundwood Park Medical Centre,E84656,Brent,North West London,51.5428,-0.235512
St. Georges Medical Centre,E84704,Brent,North West London,51.5587,-0.246106
Wembley Park Drive Medical Centre,E84709,Brent,North West London,51.560304,-0.282183
Brondesbury Medical Centre,F83059,Brent,North West London,51.543498,-0.200152
Burnley Practice,Y00206,Brent,North West London,51.5428,-0.235512
Victoria Medical Centre,E87002,Central London,North West London,51.49274,-0.13887
Victoria Medical Centre: Lees Place Medical Centre,E87002001,Central London,North West London,51.512092,-0.154424
Little Venice Medical Centre,E87006,Central London,North West London,51.52389,-0.176447
Shirland Road Medical Centre,E87021,Central London,North West London,51.5306,-0.207627
The Randolph Surgery,E87046,Central London,North West London,51.53,-0.1864
Crompton Medical Centre,E87052,Central London,North West London,51.52389,-0.176447
Newton Medical Centre,E87681,Central London,North West London,51.516314,-0.190718
Palace Gate Practice,E87691,Central London,North West London,51.495529,-0.190301
Cavendish Health Centre,E87745,Central London,North West London,51.51932,-0.14811
Wellington Health Centre,E87754,Central London,North West London,51.5323,-0.17127
Queens Park Health Centre,E87755,Central London,North West London,51.530549,-0.206471
St Philips Medical Centre,F83672,Central London,North West London,51.51371,-0.115101
Babylon GP at Hand: Heron House Surgery,H1H1A,Central London,North West London,51.4993,-0.131847
The Allendale Road Surgery,E84059,Ealing,North West London,51.551,-0.3207
Waterside Medical Centre,E85006,Ealing,North West London,51.5022,-0.3637
Chiswick Family Practice,E85075,Ealing,North West London,51.501703,-0.272741
Brunswick Surgery,E85091,Ealing,North West London,51.52947,-0.30281
The Mill Hill Surgery,E85107,Ealing,North West London,51.5052,-0.274431
The Argyle Surgery: Cuckoo Lane Surgery,E85120001,Ealing,North West London,51.51975,-0.32251
Chiswick Family Practice,E85130,Ealing,North West London,51.501703,-0.272741
Somerset Medical Centre,E85623,Ealing,North West London,51.5315,-0.376246
The Churchfield Road Surgery,E85640,Ealing,North West London,51.508471,-0.2676
Cloister Road Surgery,E85680,Ealing,North West London,51.5214,-0.265575
Dormers Wells Medical Centre,E85682,Ealing,North West London,51.515419,-0.364263
Goodcare Practice,E85712,Ealing,North West London,51.5315,-0.376246
The Pitshanger Lane Surgery,E85714,Ealing,North West London,51.526169,-0.313272
Broadmead Surgery,E85715,Ealing,North West London,51.5315,-0.376246
Watling Medical Centre: London Road Surgery,E83018001,Harrow,North West London,51.6213,-0.296929
Simpson House Medical Centre,E84008,Harrow,North West London,51.5617,-0.372417
Hatch End Medical Centre,E84053,Harrow,North West London,51.6062,-0.377062
Lanfranc Medical Centre,E84083,Harrow,North West London,51.561454,-0.332748
Kings Road Surgery: Eastcote Surgery,E84005001,Hillingdon,North West London,51.581,-0.399872
Hayes Medical Centre,E86017,Hillingdon,North West London,51.501499,-0.422679
The Warren Practice,E86019,Hillingdon,North West London,51.519471,-0.409814
Brunel Medical Centre,E86030,Hillingdon,North West London,51.531816,-0.472328
First Care Practice,E86036,Hillingdon,North West London,52.4574,-1.88805
Heathrow Medical Centre,E86637,Hillingdon,North West London,51.49197,-0.43494
Pentelow Practice,E85115,Hounslow,North West London,51.456651,-0.416583
Jersey Practice,E85681,Hounslow,North West London,51.484,-0.382372
Grove Village Medical Centre,E85699,Hounslow,North West London,51.44904,-0.43132
Gill Medical Practice,E85708,Hounslow,North West London,51.4515,-0.404907
Hounslow Family Practice,E85713,Hounslow,North West London,51.4729,-0.366593
HMC Health,E85739,Hounslow,North West London,51.484,-0.382372
HMC Health: The Great West Surgery,E85739001,Hounslow,North West London,51.484,-0.382372
Argyle Health Isleworth Practice,E85744,Hounslow,North West London,51.4678,-0.328737
The Practice Heart of Hounslow,Y02671,Hounslow,North West London,58.993998,-3.208118
Health Partners at Violet Melchett,E87004,West London,North West London,51.486892,-0.166712
Westbourne Grove Medical Centre,E87007,West London,North West London,51.514489,-0.199545
Earls Court Medical Centre,E87047,West London,North West London,51.4918,-0.192684
The Notting Hill Medical Centre,E87065,West London,North West London,51.51504,-0.20676
Colville Health Centre,E87067,West London,North West London,51.515864,-0.206178
Royal Hospital Chelsea,E87711,West London,North West London,51.486889,-0.159127
The Golborne Medical Centre,E87742,West London,North West London,51.524,-0.2067
Earls Court Surgery,E87750,West London,North West London,51.4887,-0.191883
Portobello Medical Centre,Y00200,West London,North West London,51.51504,-0.20676
Earls Court Health and Wellbeing,Y03441,West London,North West London,51.49251,-0.1927
The Westwood Surgery,G83002,Bexley,South East London,51.4632,0.09731
The Westwood Surgery: Pickford Lane Surgery,G83002001,Bexley,South East London,51.4632,0.09731
Barnard Medical Group,G83004,Bexley,South East London,51.4279,0.105564
Barnard Medical Group: Marlborough Park Avenue Surgery,G83004001,Bexley,South East London,51.4437,0.102865
The Albion Surgery,G83006,Bexley,South East London,51.454785,0.147358
Bellegrove Surgery,G83009,Bexley,South East London,51.4646,0.095805
Northumberland Heath Medical Centre,G83010,Bexley,South East London,51.4768,0.1661
Plas Meddyg Surgery,G83029,Bexley,South East London,51.442837,0.144435
Little Heath Surgery,G83033,Bexley,South East London,51.484782,0.048832
Bulbanks Medical Centre,G83037,Bexley,South East London,51.52285,-0.148384
Bursted Wood Surgery,G83046,Bexley,South East London,51.4657,0.152354
Station Road Surgery,G83047,Bexley,South East London,51.52993,-0.124654
Lyndhurst Road Medical Centre,G83049,Bexley,South East London,51.4613,0.15878
Belvedere Medical Centre,G83052,Bexley,South East London,51.505958,-0.117182
Bexley Medical Group,G83053,Bexley,South East London,51.4751,0.127981
Bexley Medical Group: Hurst Place Surgery,G83053001,Bexley,South East London,51.438527,0.124592
Woodlands Surgery,G83057,Bexley,South East London,51.4848,0.004623
Slade Green Medical Centre,G83062,Bexley,South East London,51.4708,0.1908
Slade Green Medical Centre: Colyers Lane Medical Centre,G83062001,Bexley,South East London,51.54326,0.026363
Sidcup Medical Centre,G83066,Bexley,South East London,51.4428,0.14854
Sidcup Medical Centre: Burnt Oak Lane Surgery,G83066001,Bexley,South East London,51.4453,0.1054
Sidcup Medical Centre: Thanet Road Surgery,G83066003,Bexley,South East London,51.4428,0.14854
Sidcup Medical Centre: Crook Log Surgery,G83066004,Bexley,South East London,51.4585,0.130693
Riverside Surgery: Mill Road,G83630002,Bexley,South East London,51.48674,0.09065
Crayford Town Surgery,G83642,Bexley,South East London,51.450191,0.180599
South View Partnership,G84001,Bromley,South East London,51.4054,0.02621
Dysart Surgery,G84002,Bromley,South East London,51.4004,0.015191
Links Medical Practice,G84003,Bromley,South East London,51.4198,0.014822
Links Medical Practice: Court Farm Road Surgery,G84003001,Bromley,South East London,51.4279,0.042945
Stock Hill Surgery,G84004,Bromley,South East London,51.31097,0.03365
Derry Downs Surgery,G84005,Bromley,South East London,51.38572,0.11659
Poverest Medical Centre,G84007,Bromley,South East London,51.4147,0.014755
Manor Road Surgery,G84008,Bromley,South East London,51.555197,0.060473
Family Surgery,G84009,Bromley,South East London,51.407655,0.014831
Chislehurst Medical Practice,G84010,Bromley,South East London,51.3885,-0.111899
Eden Park Surgery,G84011,Bromley,South East London,51.43291,-0.01711
St Mary Cray Practice,G84013,Bromley,South East London,51.38648,0.11336
Station Road Surgery,G84015,Bromley,South East London,51.4356,-0.0177
London Lane Clinic,G84016,Bromley,South East London,51.41535,0.00813
Addington Road Surgery,G84017,Bromley,South East London,51.4356,-0.0177
Cornerways Surgery,G84018,Bromley,South East London,51.4356,-0.0177
Broomwood Road Surgery,G84019,Bromley,South East London,51.4356,-0.0177
Chelsfield Surgery,G84020,Bromley,South East London,51.4356,-0.0177
Southborough Lane Surgery,G84023,Bromley,South East London,51.387267,0.03796
Bromley Common Practice,G84024,Bromley,South East London,51.387267,0.03796
St James' Practice,G84028,Bromley,South East London,51.50493,-0.137867
Forge Close Surgery,G84030,Bromley,South East London,51.3771,0.01657
Pickhurst Surgery,G84033,Bromley,South East London,51.378,0.010531
Tudor Way Surgery,G84035,Bromley,South East London,51.502835,-0.286471
Tudor Way Surgery: Bromley Park Medical Centre,G84035001,Bromley,South East London,51.4147,0.014755
Norheads Lane Surgery,G84039,Bromley,South East London,51.3145,0.026753
Ballater Surgery,G84040,Bromley,South East London,51.4356,-0.0177
Gillmans Road Surgery,G84041,Bromley,South East London,51.4356,-0.0177
Highland Road Surgery,G84604,Bromley,South East London,51.411492,0.006841
Highland Road Surgery:  Orpington Surgery,G84604002,Bromley,South East London,51.411492,0.006841
Wickham Park Surgery,G84607,Bromley,South East London,51.3762,-0.023305
AT Medics: Bank House Surgery,G84609,Bromley,South East London,51.3591,0.069856
Whitehouse Surgery,G84621,Bromley,South East London,51.4356,-0.0177
Anerley Surgery,G84624,Bromley,South East London,51.4092,-0.062128
Green Street: Green Medical Centre,G84627,Bromley,South East London,51.51629,-0.08652
Sundridge Medical Centre,G84629,Bromley,South East London,51.4147,0.014755
Crescent Surgery,G84630,Bromley,South East London,51.42027,0.00848
Woodlands Practice,Y00542,Bromley,South East London,51.5933,-0.1706
South East London Special Allocation Service,Y06545,Bromley,South East London,51.4555,0.1426
Eltham Medical Practice: Westmount Road Surgery,E1P0X,Greenwich,South East London,51.45458,0.061107
Everest Health Partnership: Coldharbour Hill Practice,E6H8W,Greenwich,South East London,51.454707,0.04947
Manor Brook Medical Centre,G83001,Greenwich,South East London,51.4952,-0.22093
Thamesmead Medical Associates: Heronsgate Medical Centre,G83012001,Greenwich,South East London,51.5056,0.1091
Blackheath Standard Surgery,G83013,Greenwich,South East London,51.477532,0.019407
Triveni PMS,G83026,Greenwich,South East London,51.481999,0.070639
Everest Health Partnership: Sherard Road Medical Centre,G83027,Greenwich,South East London,51.454707,0.04947
All Saints Medical Centre,G83030,Greenwich,South East London,51.479428,0.066346
Abbey Wood Surgery,G83031,Greenwich,South East London,51.4971,0.116516
St. Marks Medical Centre,G83039,Greenwich,South East London,51.4732,-0.013972
St. Marks Medical Centre: Nightingale Surgery,G83039001,Greenwich,South East London,51.4732,-0.013972
The Fairfield Centre,G83044,Greenwich,South East London,51.501709,0.004236
South Street Medical Centre,G83058,Greenwich,South East London,51.476033,-0.012551
Glyndon Medical Centre,G83060,Greenwich,South East London,51.4732,-0.013972
Glyndon Medical Centre: Samuel Street Surgery,G83060001,Greenwich,South East London,51.4732,-0.013972
Burney Street Practice,G83065,Greenwich,South East London,51.47917,-0.008422
Valentine Health Partnership: Ferryview Health Centre,G83067,Greenwich,South East London,51.4922,0.061533
Valentine Health Partnership: Holburne Road Surgery,G83067002,Greenwich,South East London,51.47135,0.03795
New Eltham and Blackfen Medical Centre,G83628,Greenwich,South East London,51.43487,0.07485
New Eltham and Blackfen Medical Centre: Blackfen Medical Centre,G83628001,Greenwich,South East London,51.43487,0.07485
Basildon Road Surgery,G83631,Greenwich,South East London,51.488,0.107596
Conway Medical Centre,G83633,Greenwich,South East London,51.4732,-0.013972
Conway Medical Centre: 7 Day Healthcare,G83633001,Greenwich,South East London,51.52285,-0.148384
The Waverley Practice,G83635,Greenwich,South East London,51.48599,0.01334
The Waverley Practice: Wickham Street Surgery,G83635001,Greenwich,South East London,51.47917,-0.008422
Plumbridge Medical Centre,G83641,Greenwich,South East London,51.4732,-0.013972
Mostafa Primary Medical Centre,G83647,Greenwich,South East London,51.4732,-0.013972
Mostafa Primary Medical Centre: Wickham Lane Surgery,G83647001,Greenwich,South East London,51.479129,0.104088
Woodlands & Charlot Road Surgeries,G83651,Greenwich,South East London,51.483,0.005572
Bannockburn Surgery,G83654,Greenwich,South East London,51.488187,0.094565
Elmstead Medical Clinic,G83673,Greenwich,South East London,51.43112,0.05834
Elmstead Medical Clinic: The Hill Surgery,G83673002,Greenwich,South East London,51.4821,0.1214
Eltham Medical Practice: Well Hall Road Surgery,G83680001,Greenwich,South East London,51.46664,0.05273
Everest Health Partnership: Hill Surgery,V5V3E,Greenwich,South East London,51.454707,0.04947
Clover Health Centre WiC,Y03296,Greenwich,South East London,51.476154,-0.009533
"Clapham Family Practice, Mary Seacole Centre",G85011,Lambeth,South East London,51.4631,-0.133655
"Streatham Common Group Practice,",G85014,Lambeth,South East London,51.4757,-0.10519
Herne Hill Group Practice,G85016,Lambeth,South East London,51.4558,-0.098831
Prentis Road Surgery,G85021,Lambeth,South East London,51.430905,-0.132747
North Wood Group Practice: Tulse Hill Practice,G85022001,Lambeth,South East London,51.440844,-0.10839
Brixton Hill Group Practice,G85025,Lambeth,South East London,51.4523,-0.120206
Stockwell Group Practice,G85028,Lambeth,South East London,51.4757,-0.10519
Paxton Green Group Practice,G85039,Lambeth,South East London,51.4303,-0.08608
Palace Road Surgery,G85041,Lambeth,South East London,51.497662,-0.118947
Valley Road Surgery,G85044,Lambeth,South East London,51.4286,-0.11941
Hetherington Group Practice,G85045,Lambeth,South East London,51.4612,-0.1284
Knights Hill Surgery,G85047,Lambeth,South East London,51.4328,-0.10596
Hurley Clinic,G85053,Lambeth,South East London,51.4983,-0.1185
Hurley Clinic: Riverside Medical Centre,G85053001,Lambeth,South East London,51.504148,-0.081552
Vassall Medical Centre,G85073,Lambeth,South East London,51.4776,-0.108497
Sandmere Road Practice,G85083,Lambeth,South East London,51.4766,-0.123659
The Vale Surgery,G85096,Lambeth,South East London,51.417392,-0.136418
The Vauxhall Surgery,G85102,Lambeth,South East London,51.4766,-0.123659
Streatham Place Surgery,G85118,Lambeth,South East London,51.4468,-0.1277
Binfield Road Surgery,G85123,Lambeth,South East London,51.47298,-0.12336
The Corner Surgery,G85127,Lambeth,South East London,51.469622,-0.096053
The Deerbrook Surgery,G85129,Lambeth,South East London,51.438263,-0.106229
Mawbey Brough Health Centre,G85130,Lambeth,South East London,51.4797,-0.1244
The Streatham Hill Group Practice,G85662,Lambeth,South East London,51.4373,-0.12639
Springfield Medical Centre,G85673,Lambeth,South East London,51.4708,-0.13334
Grafton Square Surgery,G85674,Lambeth,South East London,51.46468,-0.13972
Herne Hill Road Medical Practice,G85690,Lambeth,South East London,51.4655,-0.100471
The Old Dairy Health Centre,G85706,Lambeth,South East London,51.4365,-0.091
The Grantham Centre Practice,Y00020,Lambeth,South East London,51.4704,-0.124299
Belmont Hill Surgery,G85003,Lewisham,South East London,51.4626,-0.004427
Kingfisher Medical Centre,G85020,Lewisham,South East London,51.4819,-0.030489
Kingfisher Medical Centre,G85020001,Lewisham,South East London,51.4819,-0.030489
Lewisham Medical Centre,G85023,Lewisham,South East London,51.45851,0.00448
Sydenham Green Group Practice,G85024,Lewisham,South East London,51.4292,-0.039201
Burnt Ash Surgery,G85027,Lewisham,South East London,51.4532,0.01127
Torridon Road Medical Practice,G85032,Lewisham,South East London,51.4401,-0.002098
Morden Hill Surgery,G85035,Lewisham,South East London,51.46912,-0.012227
St Johns Medical Centre,G85038,Lewisham,South East London,51.4669,-0.0214
Lee Road Surgery,G85046,Lewisham,South East London,51.4623,0.0094
Hilly Fields Medical Centre,G85055,Lewisham,South East London,51.45708,-0.02499
Woolstone Medical Centre,G85061,Lewisham,South East London,51.438859,-0.035202
Honor Oak Group Practice,G85089,Lewisham,South East London,51.4536,-0.0616
Ico Health Group: Boundfield Surgery,G85104002,Lewisham,South East London,51.435,0.003709
"Ico Health Group: Marvels Lane Surgery,",G85104003,Lewisham,South East London,51.435493,0.025543
Wells Park Practice,G85114,Lewisham,South East London,51.4306,-0.0603
Triangle Group Practice,G85120,Lewisham,South East London,51.4578,-0.011056
Parkview Surgery,G85121,Lewisham,South East London,51.60723,-0.257636
Bellingham Green Surgery,G85124,Lewisham,South East London,51.4304,-0.024245
Brockwell Park Surgery,G85137,Lewisham,South East London,51.4487,-0.10161
Novum Health Partnership,G85633,Lewisham,South East London,51.4493,-0.018031
Novum Health Partnership: Baring Road Medical Centre,G85633002,Lewisham,South East London,51.435397,0.019495
Vale Medical Centre,G85696,Lewisham,South East London,51.4354,-0.0434
Deptford Surgery,G85711,Lewisham,South East London,51.47479,-0.02654
Oakview Family Practice,G85716,Lewisham,South East London,51.42997,0.0081
Woodlands Health Centre,G85722,Lewisham,South East London,51.4499,-0.005803
Nightingale Surgery,G85727,Lewisham,South East London,51.4528,0.009927
Deptford Medical Centre,G85736,Lewisham,South East London,51.47453,-0.027059
Forest Hill Road Group Practice,G85001,Southwark,South East London,51.4536,-0.0616
Camberwell Green Surgery,G85013,Southwark,South East London,51.474282,-0.093428
Trafalgar Surgery,G85019,Southwark,South East London,51.4864,-0.0743
DMC Chadwick Road Surgery,G85031,Southwark,South East London,51.46824,-0.07541
"Nexus Health Group, Princess Street GP Practices",G85034,Southwark,South East London,51.4956,-0.101944
Nexus Health Group: Aylesbury Medical Centre,G85034002,Southwark,South East London,51.435,0.003709
Nexus Health Group: Commercial Way Surgery,G85034003,Southwark,South East London,51.49742,-0.0826
Nexus Health Group: Decima Street Surgery,G85034004,Southwark,South East London,51.49742,-0.0826
Nexus Health Group: Dun Cow Surgery,G85034005,Southwark,South East London,51.49742,-0.0826
Nexus Health Group: Manor Place Surgery,G85034006,Southwark,South East London,51.4891,-0.097233
Nexus Health Group: Surrey Docks Health Centre,G85034007,Southwark,South East London,51.4956,-0.101944
AT Medics: Queens Road Surgery,G85040,Southwark,South East London,51.4751,-0.064002
St Giles Surgery (Dr Aan Vriji),G85042,Southwark,South East London,51.4745,-0.084157
Elm Lodge Surgery,G85051,Southwark,South East London,51.452179,-0.096204
Old Kent Surgery,G85052,Southwark,South East London,51.4904,-0.081114
Penrose Surgery,G85084,Southwark,South East London,51.4872,-0.09739
3 Zero 6 Medical Centre,G85091,Southwark,South East London,51.45054,-0.0761
Sternhall Lane Surgery,G85119,Southwark,South East London,51.4668,-0.067421
Park Medical Centre,G85125,Southwark,South East London,51.4921,-0.049825
Lister Primary Care Centre (Dr Aru),G85134,Southwark,South East London,51.474619,-0.075408
Albion Street Group Practice,G85138,Southwark,South East London,51.500951,-0.050849
The Villa Street Medical Centre,G85632,Southwark,South East London,51.4866,-0.088291
Blackfriars Medical Practice,G85642,Southwark,South East London,51.505399,-0.105772
The Gardens Surgery,G85644,Southwark,South East London,51.460629,-0.066833
The Dulwich Medical Centre,G85651,Southwark,South East London,51.45054,-0.0761
The Nunhead Surgery,G85685,Southwark,South East London,51.4641,-0.057932
New Mill Street Surgery,G85705,Southwark,South East London,51.500716,-0.071109
301 East Street Surgery,G85721,Southwark,South East London,51.490337,-0.082467
Brunswick Park Family Practice (fomerly St. Giles Surgery (Dr Patel)),G85726,Southwark,South East London,51.4745,-0.084157
Welling Medical Practice,G83025,Bexley,South East London,51.460819,0.107985
Bexley Group Practice,G83028,Bexley,South East London,51.4658,0.10967
Bexley Group Practice: Station Road Surgery,G83028002,Bexley,South East London,51.491502,0.151673
Summercroft Surgery,G84006,Bromley,South East London,51.367678,0.059419
Elm House Surgery,G84027,Bromley,South East London,51.4049,-0.032707
Bromleag Care Practice,Y06345,Bromley,South East London,51.409624,-0.026672
Royal Arsenal Medical Centre,G83016,Greenwich,South East London,51.492373,0.073485
Plumstead Health Centre,G83019,Greenwich,South East London,51.485326,0.091967
Welling Medical Practice: Holly House Surgery,G83025001,Greenwich,South East London,51.29691,-0.32973
Triveni PMS: Plumstead Common Road Surgery,G83026001,Greenwich,South East London,51.481999,0.070639
Kidbrooke Village Medical Centre,G83027001,Greenwich,South East London,51.4611,0.027195
Burney Street Practice: Wallace Centre,G83065002,Greenwich,South East London,51.47917,-0.008422
Elmstead Medical Clinic: Campus Surgery,G83673003,Greenwich,South East London,51.43112,0.05834
Plumstead Health Centre: Trinity Medical Centre,V8R9W,Greenwich,South East London,51.4788,0.085829
AT Medics: Thamesmead Medical Centre,Y02974,Greenwich,South East London,51.4985,0.090286
AT Medics: Streatham High Practice,G85002,Lambeth,South East London,51.432572,-0.127879
Clapham Family Practice: Manor Health Centre,G85011001,Lambeth,South East London,51.397275,-0.1036
Lambeth Walk Group Practice,G85054,Lambeth,South East London,51.4757,-0.10519
The South Lambeth Road Practice,G85086,Lambeth,South East London,51.4766,-0.123659
Beckett House Practice,G85100,Lambeth,South East London,51.4695,-0.123532
Minet Green Health Practice,G85135,Lambeth,South East London,51.47569,-0.105249
Waterloo Health Centre,G85136,Lambeth,South East London,51.5005,-0.113757
The Exchange Surgery,G85647,Lambeth,South East London,51.4326,-0.12793
Akerman Medical Practice,G85695,Lambeth,South East London,51.47569,-0.105249
Dr Curran & Partners,G85708,Lambeth,South East London,51.46543,-0.13621
Lambeth Healthcare Practice,Y07020,Lambeth,South East London,51.443248,-0.039744
Lewisham Care Partnership: Morden Hill Surgery,D6U6U,Lewisham,South East London,51.46912,-0.012227
AT Medics: QRP Surgery,G85015,Lewisham,South East London,51.4743,-0.0472
Grove Medical Centre,G85085,Lewisham,South East London,51.4903,-0.035213
Vesta Road Surgery,G85105,Lewisham,South East London,51.4687,-0.04063
Lewisham Care Partnership: Belmont Hill Surgery,J5N4Z,Lewisham,South East London,51.4626,-0.004427
Lewisham Care Partnership: Honor Oak Health Centre,J6X4D,Lewisham,South East London,51.45708,-0.02499
The Jenner Practice: Bellingham Green Surgery,K2T3Y,Lewisham,South East London,53.9804,-1.15343
The Jenner Practice: South Lewisham Health Centre,N5T5S,Lewisham,South East London,53.5291,-1.46017
Lewisham Care Partnership: Hilly Fields Medical Centre,T8U5Q,Lewisham,South East London,51.45708,-0.02499
Falmouth Road Group Practice,G85029,Southwark,South East London,51.4967,-0.093283
Nexus Health Group: Artesian Health Centre,G85034001,Southwark,South East London,51.494099,-0.075002
AT Medics: Silverlock Medical Centre,G85087,Southwark,South East London,51.48597,-0.06334
The Lordship Lane Surgery,G85681,Southwark,South East London,51.448393,-0.073372
Qhs GP Care Home Service,Y06113,Southwark,South East London,51.497,-0.069139
Portland Medical Centre,H83001,Croydon,South West London,51.3883,-0.111174
Upper Norwood Group Practice,H83005,Croydon,South West London,51.4133,-0.084805
AT Medics: Fieldway Medical Practice,H83006001,Croydon,South West London,51.3885,-0.111899
Violet Lane Medical Practice,H83007,Croydon,South West London,51.3604,-0.107957
The Addiscombe Road :  Northway Road Surgery,H83008001,Croydon,South West London,51.3788,-0.0742
South Norwood Hill  Medical Centre,H83010,Croydon,South West London,51.4037,-0.0812
Old Coulsdon Medical Practice,H83013,Croydon,South West London,51.307,-0.1193
Keston & The Morrings Medical Practice,H83016,Croydon,South West London,51.3403,-0.1146
Brigstock & South Norwood Partnership,H83017,Croydon,South West London,51.399714,-0.061494
Selsdon Park Medical Practice,H83018,Croydon,South West London,51.3424,-0.064559
Friends Road Medical Practice,H83019,Croydon,South West London,51.371151,-0.094946
Morland Road Surgery,H83023,Croydon,South West London,51.3806,-0.086054
Woodcote Medical,H83024,Croydon,South West London,51.3883,-0.111174
Woodcote Medical:  Chipstead Valley Road Surgery,H83024001,Croydon,South West London,51.319293,-0.144288
Addington Medical Practice:  Gravel Hill Surgery,H83028001,Croydon,South West London,51.3538,-0.039105
Hartland Way Surgery,H83029,Croydon,South West London,51.3744,-0.045768
Broom Road Medical Practice,H83030,Croydon,South West London,51.369283,-0.029814
The Haling Park Partnership,H83031,Croydon,South West London,51.353256,-0.103716
Ashburton Park Medical Centre,H83033,Croydon,South West London,51.3842,-0.064162
The Whitehorse Practice,H83034,Croydon,South West London,51.39838,-0.09092
Stovell House Surgery,H83039,Croydon,South West London,51.378921,-0.075306
Leander Road Surgery,H83042,Croydon,South West London,51.40976,-0.05775
Shirley Medical Centre,H83043,Croydon,South West London,51.37541,-0.04355
East Croydon Medical Centre,H83044,Croydon,South West London,51.375311,-0.087672
Headley Drive Surgery,H83049,Croydon,South West London,51.3533,-0.015931
AT Medics: Thornton Hoad & Valley Park Surgery,H83051,Croydon,South West London,51.388031,-0.12075
Bramley Avenue Surgery,H83052,Croydon,South West London,51.32329,-0.14092
Parchmore Medical Centre,H83053,Croydon,South West London,51.3883,-0.111174
Mersham Medical Centre,H83609,Croydon,South West London,51.3883,-0.111174
Fairview Medical Centre,H83624,Croydon,South West London,51.4107,-0.124327
Birdhurst Medical Practice,H83627,Croydon,South West London,51.3652,-0.092602
Greenside Group Practice,H83631,Croydon,South West London,51.3807,-0.103165
Greenside Group Practice:  Lennard Road Surgery,H83631001,Croydon,South West London,51.3807,-0.103165
Canbury Medical Centre,H84010,Kingston,South West London,51.414229,-0.296908
The Groves Medical Centre,H84016,Kingston,South West London,51.5792,-0.0114
Fairhill Medical Practice,H84020,Kingston,South West London,51.4075,-0.29873
Fairhill Medical Practice: Fairfield South Surgery,H84020001,Kingston,South West London,51.4075,-0.29873
Hook Surgery,H84025,Kingston,South West London,51.416486,-0.250698
Churchill Medical Centre,H84027,Kingston,South West London,51.6182,-0.018452
Churchill Medical Centre: Evesham Terrace Surgery,H84027001,Kingston,South West London,51.6182,-0.018452
Churchill Medical Centre: Tudor Drive Surgery,H84027002,Kingston,South West London,51.427,-0.299229
St Albans Medical Centre,H84033,Kingston,South West London,51.42154,-0.30232
Holmwood Corner Surgery,H84042,Kingston,South West London,51.397288,-0.255018
Chessington Park Surgery,H84050,Kingston,South West London,55.0129,-1.6684
Red Lion Road Surgery,H84054,Kingston,South West London,51.3816,-0.290147
Kingston Health Centre,H84061,Kingston,South West London,51.415506,-0.19302
Sunray Surgery,H84618,Kingston,South West London,51.38237,-0.27404
Claremont Medical Centre,H84619,Kingston,South West London,51.594671,-0.033266
West Barnes Surgery,H85055,Kingston,South West London,51.402549,-0.228806
The Mitcham Medical Centre,H85024,Merton,South West London,51.48161,-0.213
The Mitcham Medical Centre : Garrett Lane Surgery,H85024001,Merton,South West London,51.59477,0.02435
Francis Grove Surgery,H85026,Merton,South West London,51.4198,-0.209043
Wide Way Medical Centre,H85029,Merton,South West London,51.40224,-0.13495
Tamworth Medical Centre,H85033,Merton,South West London,51.40438,-0.192032
Rowans Surgery,H85035,Merton,South West London,51.41819,-0.192725
Morden Hall Medical Centre,H85037,Merton,South West London,51.40438,-0.192032
Cricket Green Medical Practice,H85038,Merton,South West London,51.483822,-0.114992
Lambton Road Medical Practice,H85051,Merton,South West London,51.410185,-0.230389
Central Medical Centre,H85070,Merton,South West London,51.553565,-0.293536
Stonecot Surgery,H85076,Merton,South West London,51.41819,-0.192725
Mitcham Family Practice,H85078,Merton,South West London,51.410933,-0.167423
Figges Marsh Surgery,H85090,Merton,South West London,51.41036,-0.16207
Grand Drive Surgery,H85101,Merton,South West London,51.402549,-0.228806
Ravensbury Park Medical Centre,H85110,Merton,South West London,51.40438,-0.192032
The Vineyard Hill Road Surgery,H85112,Merton,South West London,51.4319,-0.201192
The Merton Medical Practice,H85634,Merton,South West London,51.4159,-0.185554
Park Road Surgery,H84002,Richmond,South West London,51.585753,-0.13274
Richmond Medical Group,H84006001,Richmond,South West London,51.4658,-0.267856
The Acorn Group Practice,H84007,Richmond,South West London,51.497576,-0.197459
The Paradise Road Practice,H84014,Richmond,South West London,51.45026,-0.17629
Seymour House and Lock Road Surgery,H84017,Richmond,South West London,51.4624,-0.292918
Seymour House and Lock Road Surgery : Lock Road Surgery,H84017001,Richmond,South West London,51.4347,-0.313746
Broad Lane Surgery,H84018,Richmond,South West London,51.422922,-0.368942
Essex House Surgery,H84023,Richmond,South West London,51.4729,-0.2478
Hampton Wick Surgery,H84032,Richmond,South West London,51.417,-0.3143
Cross Deep Surgery,H84039,Richmond,South West London,51.445,-0.330174
The Vineyard Surgery,H84041,Richmond,South West London,51.4582,-0.301019
The Green Surgery and Fir Road Surgery,H84044,Richmond,South West London,51.5858,-0.084214
The Green Surgery and Fir Road Surgery: Fir Road Surgery,H84044001,Richmond,South West London,50.9713,0.23542
Twickenham Park Surgery,H84048,Richmond,South West London,51.467994,-0.266222
Thameside Medical Practice,H84059,Richmond,South West London,51.461703,-0.220303
Richmond Lock Surgery,H84060,Richmond,South West London,51.4645,-0.322883
Woodlawn Medical Centre,H84625,Richmond,South West London,51.5431,-0.065518
Woodlawn Medical Centre:  Oak Lane Surgery,H84625001,Richmond,South West London,51.5099,-0.2464
Kew Medical Practice,H84639,Richmond,South West London,51.47582,-0.28287
Mulgrave Road Surgery,H85018,Sutton,South West London,51.3583,-0.196304
The Chesser Surgery,H85021,Sutton,South West London,51.541626,-0.104292
Bishopsford Road Practice,H85023,Sutton,South West London,51.37769,-0.2213
The Wrythe Green Surgery,H85025,Sutton,South West London,51.372,-0.1713
The Old Court House Surgery,H85030,Sutton,South West London,51.6529,-0.201577
Sutton Medical Practice,H85053,Sutton,South West London,52.63251,-2.43862
Cheam GP Centre,H85063,Sutton,South West London,51.368504,-0.224918
Robin Hood Lane Medical Centre,H85095,Sutton,South West London,51.363,-0.196997
Cheam Family Practice,H85105,Sutton,South West London,51.358285,-0.21738
Cheam Family Practice: Elmbrook Surgery,H85105002,Sutton,South West London,51.358285,-0.21738
Shotfield Medical Practice,H85115,Sutton,South West London,51.35731,-0.151056
Manor Practice,H85116,Sutton,South West London,51.571731,-0.020688
James O'Riordan Medical Centre,H85618,Sutton,South West London,51.3844,-0.21347
Wallington Family Practice,H85653,Sutton,South West London,51.3573,-0.1509
The Grove Road Practice,H85686,Sutton,South West London,52.78484,0.12385
Wandsworth Medical Centre,H85001,Wandsworth,South West London,51.453695,-0.192165
Falcon Road Medical Centre,H85002,Wandsworth,South West London,51.4684,-0.1706
Queenstown Road Medical Practice,H85003,Wandsworth,South West London,51.46692,-0.15037
Trinity Medical Centre,H85005,Wandsworth,South West London,51.4788,0.085829
Southfields Group Practice,H85007,Wandsworth,South West London,51.4417,-0.197582
The Roehampton Lane Surgery,H85008,Wandsworth,South West London,51.4513,-0.2428
Putneymead Group Medical Practice,H85012,Wandsworth,South West London,51.461703,-0.220303
Earlsfield Practice,H85041,Wandsworth,South West London,51.451544,-0.181062
Chatfield Health Centre,H85047,Wandsworth,South West London,51.4558,-0.1938
Battersea Rise Group Practice,H85049,Wandsworth,South West London,51.46087,-0.16325
Battersea Fields Practice,H85049,Wandsworth,South West London,51.476824,-0.138655
Streatham Park Surgery,H85052,Wandsworth,South West London,51.4303,-0.1558
Streatham Park Surgery: Franciscan Road Surgery,H85052001,Wandsworth,South West London,51.4303,-0.1558
The Heathbridge Practice,H85061,Wandsworth,South West London,51.460167,-0.215049
The Alton Practice,H85065,Wandsworth,South West London,51.44959,-0.2405
Balham Park Surgery,H85066,Wandsworth,South West London,51.440685,-0.155895
Danebury Avenue Surgery,H85067,Wandsworth,South West London,51.452397,-0.248636
Lavender Hill Group Practice,H85069,Wandsworth,South West London,51.466004,-0.156776
Bollingbrook Medical Centre,H85077,Wandsworth,South West London,51.453695,-0.192165
Open Door Surgery,H85087,Wandsworth,South West London,51.4432,-0.155593
Open Door Surgery: Bec Family Practice,H85087001,Wandsworth,South West London,51.4342,-0.162689
"Clapham Junction Medical Practice,",H85088,Wandsworth,South West London,51.465965,-0.173923
St Paul's Cottage Practice,H85100,Wandsworth,South West London,51.513705,-0.099577
Battersea Fields Practice: Thessaly Road Practice,H85111001,Wandsworth,South West London,51.476824,-0.138655
Thurleigh Road Practice,H85114,Wandsworth,South West London,51.452454,-0.156145
Nightingale Practice,H85691,Wandsworth,South West London,51.5583,-0.06242
Grafton Medical Partners,Y02423,Wandsworth,South West London,51.424924,-0.171348
The Grafton Medical Partners: Upper Tooting Sugery,Y02423003,Wandsworth,South West London,51.42488,-0.1712
Grafton Medical Partners: Macmillan Way Surgery,Y02423004,Wandsworth,South West London,51.42488,-0.1712
Junction Health Centre,Y02946,Wandsworth,South West London,51.4652,-0.170931
Farley Road Medical Practice,H83004,Croydon,South West London,51.348542,-0.067855
The Farley Road Surgery: Holmbury Grove Surgery,H83004001,Croydon,South West London,51.5298,-0.03886
Addiscombe Road Surgery,H83008,Croydon,South West London,51.3806,-0.086054
North Croydon Medical Centre,H83011,Croydon,South West London,51.3883,-0.111174
St James Medical Centre,H83012,Croydon,South West London,51.3818,-0.09309
St. James's Medical Centre: Castle Hill Avenue Surgery,H83012001,Croydon,South West London,51.3484,-0.021299
Queenhill Medical Practice,H83014,Croydon,South West London,51.34534,-0.06584
Parkside Group Practice,H83015,Croydon,South West London,51.351,-0.097761
Eversley Medical Practice,H83020,Croydon,South West London,51.3881,-0.1118
London Road Medical Practice,H83021,Croydon,South West London,51.3885,-0.111899
Auckland Surgery,H83037,Croydon,South West London,51.409548,-0.080911
Shirley Medical Centre: Wickham Road Surgery,H83043003,Croydon,South West London,51.37541,-0.04355
Thornton Road & Valley Park Surgery: Valley Park Surgery,H83051001,Croydon,South West London,51.388031,-0.12075
Brigstock Family Practice,H83608,Croydon,South West London,51.397275,-0.1036
Selhurst Medical Centre,H83611,Croydon,South West London,51.3896,-0.0891
Keston Medical Practice: The Moorings Medical Practice,V3N8W,Croydon,South West London,51.3222,-0.095878
Selsdon Park Medical Practice: Mitchley Avenue Surgery,X7M5Y,Croydon,South West London,51.3424,-0.064559
Edridge Road Community Health Centre,Y02962,Croydon,South West London,51.3705,-0.0987
Fairhill Medical Practice: Kingston University,H84020002,Kingston,South West London,51.4075,-0.29873
Roselawn Surgery,H84051,Kingston,South West London,51.39796,-0.25577
Wimbledon Village Surgery,H85027,Merton,South West London,51.425,-0.219644
Riverhouse Medical Practice,H85092,Merton,South West London,51.4209,-0.183543
Colliers Wood Surgery,H85649,Merton,South West London,51.42076,-0.17584
Colliers Wood Surgery: Lavender Fields Surgery,H85649001,Merton,South West London,51.42076,-0.17584
Alexandra Road Surgery,H85656,Merton,South West London,51.4235,-0.2046
Faccini House Surgery,H85683,Merton,South West London,51.389717,-0.189998
York Medical Practice: St. Mary's College,H84012001,Richmond,South West London,51.4362,-0.335892
Hampton Medical Centre,H84040,Richmond,South West London,51.418476,-0.372592
Staines Road Medical Centre,H84057,Richmond,South West London,51.440216,-0.356848
Hampton Hill Medical Centre,H84623,Richmond,South West London,51.427724,-0.354911
Glebe Road Surgery,Y01206,Richmond,South West London,51.473951,-0.242733
Roehampton Lane Surgery: Ashburton Medical Practice,H85008001,Wandsworth,South West London,54.704,-1.22342
Putneymead Group Medical Practice: Student Medical Centre,H85012001,Wandsworth,South West London,51.461703,-0.220303
Elborough Street Surgery,H85057,Wandsworth,South West London,51.442067,-0.201302
Haider Practice,H85075,Wandsworth,South West London,51.46,-0.179402
Triangle Surgery,H85082,Wandsworth,South West London,51.456705,-0.1983
St Johns Hill Surgery,H85659,Wandsworth,South West London,51.459692,-0.179587
Tooting South Medical Centre,H85680,Wandsworth,South West London,51.42209,-0.16162
Chartfield Surgery,Y01132,Wandsworth,South West London,51.4573,-0.226388
