Region,Family_Hub,Postcode,Local_Authority,Programme
East Midlands,Alvaston Children's Centre,DE248UY,Derby,Family Hubs and Start for Life programme
East Midlands,Audrey Drive Children's Centre,DE214NP,Derby,Family Hubs and Start for Life programme
East Midlands,Austin/Sunnyhill Children's Centre,DE238DN,Derby,Family Hubs and Start for Life programme
East Midlands,Beckett Family Hub,DE233WR,Derby,Family Hubs and Start for Life programme
East Midlands,Boulton Children's Centre,DE240DD,Derby,Family Hubs and Start for Life programme
East Midlands,Derwent Family Hub,DE216BD,Derby,Family Hubs and Start for Life programme
East Midlands,Mackworth/Morley Family Hub,DE224EQ,Derby,Family Hubs and Start for Life programme
East Midlands,Osmaston/Allenton Family Hub,DE248XB,Derby,Family Hubs and Start for Life programme
East Midlands,Rosehill Family Hub,DE233WY,Derby,Family Hubs and Start for Life programme
East Midlands,Sinfin Family Hub,DE249SF,Derby,Family Hubs and Start for Life programme
East Midlands,Beaumont Leys Children Young People And Family Centre,LE40RW,Leicester,Family Hubs and Start for Life programme
East Midlands,Belgrave Children Young People And Family Centre,LE46JD,Leicester,Family Hubs and Start for Life programme
East Midlands,Bewcastle Children Young People And Family Centre,LE42JY,Leicester,Family Hubs and Start for Life programme
East Midlands,Braunstone Children Young People And Family Centre,LE31QR,Leicester,Family Hubs and Start for Life programme
East Midlands,Eyres Monsell Children Young People And Family Centre,LE29PT,Leicester,Family Hubs and Start for Life programme
East Midlands,Highfields Children Young People And Family Centre,LE20UZ,Leicester,Family Hubs and Start for Life programme
East Midlands,Netherhall Children Young People And Family Centre,LE51NG,Leicester,Family Hubs and Start for Life programme
East Midlands,New Parks Children Young People And Family Centre,LE39RN,Leicester,Family Hubs and Start for Life programme
East Midlands,Saffron Children Young People And Family Centre,LE26QW,Leicester,Family Hubs and Start for Life programme
East Midlands,St Matthews Children Young People And Family Centre,LE12GA,Leicester,Family Hubs and Start for Life programme
East Midlands,Thurnby Lodge Children Young People And Family Centre,LE52EG,Leicester,Family Hubs and Start for Life programme
East Midlands,Woodbridge Children Young People And Family Centre,LE47RG,Leicester,Family Hubs and Start for Life programme
East Midlands,Coalville Family Hub,LE673EA,Leicestershire,Family Hubs programme
East Midlands,Greenhill Family Hub,LE674HZ,Leicestershire,Family Hubs programme
East Midlands,Huncote Family Hub,LE93BN,Leicestershire,Family Hubs programme
East Midlands,Braunstone Town Family Hub,LE33BD,Leicestershire,Family Hubs programme
East Midlands,Wigston Magna Family Hub,LE182AH,Leicestershire,Family Hubs programme
East Midlands,Market Harborough Family Hub,LE169BX,Leicestershire,Family Hubs programme
East Midlands,Lutterworth Family Hub,LE174RB,Leicestershire,Family Hubs programme
East Midlands,Venture House Family Hub,LE130HN,Leicestershire,Family Hubs programme
East Midlands,Loughborough West Family Hub,LE115BA,Leicestershire,Family Hubs programme
East Midlands,Shelthorpe Family Hub,LE112NF,Leicestershire,Family Hubs programme
East Midlands,Hinckley East Family Hub,LE100PP,Leicestershire,Family Hubs programme
East Midlands,Barwell Family Hub,LE98DS,Leicestershire,Family Hubs programme
East Midlands,Earl Shilton Family Hub,LE97AH,Leicestershire,Family Hubs programme
East Midlands,Bagworth Family Hub,LE671BH,Leicestershire,Family Hubs programme
East Midlands,Measham Family Hub,DE127LG,Leicestershire,Family Hubs programme
East Midlands,Broughton Astley Family Hub,LE96PT,Leicestershire,Family Hubs programme
East Midlands,Castle Donington Family Hub,DE742LN,Leicestershire,Family Hubs programme
East Midlands,Thurmaston Family Hub,LE48FP,Leicestershire,Family Hubs programme
East Midlands,Mountfields Family Hub,LE113GE,Leicestershire,Family Hubs programme
East Midlands,Moira Family Hub,DE126EX,Leicestershire,Family Hubs programme
East Midlands,Boston Norfolk Lodge,PE216PW,Lincolnshire,Family Hubs and Start for Life programme
East Midlands,Gainsborough Children's Centre,DN212DY,Lincolnshire,Family Hubs and Start for Life programme
East Midlands,Lincoln Birchwood Children's Centre,LN60JE,Lincolnshire,Family Hubs and Start for Life programme
East Midlands,Lincoln North Children's And Young People's Centre,LN22DD,Lincolnshire,Family Hubs and Start for Life programme
East Midlands,Lincoln St Giles Children's Centre,LN24NP,Lincolnshire,Family Hubs and Start for Life programme
East Midlands,Mablethorpe Children's Centre,LN121DP,Lincolnshire,Family Hubs and Start for Life programme
East Midlands,Skegness Children's Centre,PE252QT,Lincolnshire,Family Hubs and Start for Life programme
East Midlands,Sleaford Children And Young People's Centre,NG347TW,Lincolnshire,Family Hubs and Start for Life programme
East Midlands,Spalding Children's Centre,PE112JG,Lincolnshire,Family Hubs and Start for Life programme
East Midlands,Swingbridge Children's Centre,NG317XQ,Lincolnshire,Family Hubs and Start for Life programme
East Midlands,Kettering,NN168RX,North Northamptonshire,Family Hubs and Start for Life programme
East Midlands,East Northants,PE84JA,North Northamptonshire,Family Hubs and Start for Life programme
East Midlands,Pengreen (Corby),NN171BJ,North Northamptonshire,Family Hubs and Start for Life programme
East Midlands,Wellingborough,NN83XL,North Northamptonshire,Family Hubs and Start for Life programme
East Midlands,Bestwood Family Hub,NG55GU,Nottingham,Family Hubs and Start for Life programme
East Midlands,Broxtowe Family Hub,NG83AP,Nottingham,Family Hubs and Start for Life programme
East Midlands,Hyson Green Family Hub,NG75HY,Nottingham,Family Hubs and Start for Life programme
East Midlands,Meadows Family Hub,NG22HZ,Nottingham,Family Hubs and Start for Life programme
East of England,Pine Cones Family Hub,MK417SA,Bedford,Family Hubs and Start for Life programme
East of England,Queens Park Family Hub,MK404LE,Bedford,Family Hubs and Start for Life programme
East of England,Cherry Trees Family Hub,MK429LS,Bedford,Family Hubs and Start for Life programme
East of England,Daisy Hill Family Hub,MK428QH,Bedford,Family Hubs and Start for Life programme
East of England,Eastcotts Family Hub,MK420GG,Bedford,Family Hubs and Start for Life programme
East of England,Bluebells Family Hub,MK438JP,Bedford,Family Hubs and Start for Life programme
East of England,Central Family Hub,MK401LN,Bedford,Family Hubs and Start for Life programme
East of England,Park Town Family Hub,LU13DU,Luton,Family Hubs and Start for Life programme
East of England,Hockwell Ring Community Centre And Family Hub,LU49LB,Luton,Family Hubs and Start for Life programme
East of England,Flying Start Family Hub@ Pastures Way Nursery,LU40PE,Luton,Family Hubs and Start for Life programme
East of England,Flying Start Family Hub @ Foxcubs Nursery,LU11TZ,Luton,Family Hubs and Start for Life programme
East of England,Central Luton Family Hub,LU12NG,Luton,Family Hubs and Start for Life programme
East of England,Ecfs Base - Long Stratton,NR152XR,Norfolk,Family Hubs and Start for Life programme
East of England,Ecfs Base - North Walsham,NR289HG,Norfolk,Family Hubs and Start for Life programme
East of England,Ecfs Base - Seagulls And Jph Midwifery Unit,NR317BP,Norfolk,Family Hubs and Start for Life programme
East of England,Ecfs Base - Thetford Kingsway (Woodlands),IP243DY,Norfolk,Family Hubs and Start for Life programme
East of England,Efcs Base - Catton Grove,NR33PY,Norfolk,Family Hubs and Start for Life programme
East of England,Hellesdon Community Centre,NR65QB,Norfolk,Family Hubs and Start for Life programme
East of England,St Augustine Healthy Living Centre,PE302LB,Norfolk,Family Hubs and Start for Life programme
East of England,East And Central Family Hub,PE15JU,Peterborough,Family Hubs and Start for Life programme
East of England,First Steps Family Hub,PE14TR,Peterborough,Family Hubs and Start for Life programme
East of England,Honeyhill Family Hub,PE47DR,Peterborough,Family Hubs and Start for Life programme
East of England,Orton Family Hub,PE25PW,Peterborough,Family Hubs and Start for Life programme
East of England,Aveley Family Hub,RM154AA,Thurrock,Family Hubs and Start for Life programme
East of England,Chadwell Family Hub,RM164QE,Thurrock,Family Hubs and Start for Life programme
East of England,Ockendon Family Hub,RM155PA,Thurrock,Family Hubs and Start for Life programme
East of England,Purfleet On Thames Family Hub,RM191ZZ,Thurrock,Family Hubs and Start for Life programme
East of England,Stifford Family Hub,RM175YN,Thurrock,Family Hubs and Start for Life programme
East of England,Thameside Family Hub,RM176EF,Thurrock,Family Hubs and Start for Life programme
East of England,Tilbury Family Hub,RM188EY,Thurrock,Family Hubs and Start for Life programme
London,Barking Learning Centre Community Hub,IG117NB,Barking and Dagenham,Family Hubs and Start for Life programme
London,Dagenham Library Community Hub,RM109QS,Barking and Dagenham,Family Hubs and Start for Life programme
London,Marks Gate Community Hub,RM65NJ,Barking and Dagenham,Family Hubs and Start for Life programme
London,Alperton Family Wellbeing Centre,HA04PW,Brent,Family Hubs and Start for Life programme
London,Church Lane Family Wellbeing Centre,NW98JD,Brent,Family Hubs and Start for Life programme
London,Curzon Crescent Family Wellbeing Centre,NW109SD,Brent,Family Hubs and Start for Life programme
London,Fawood Family Wellbeing Centre,NW108DX,Brent,Family Hubs and Start for Life programme
London,Granville Plus Family Wellbeing Centre,NW65HE,Brent,Family Hubs and Start for Life programme
London,Preston Park Family Wellbeing Centre,HA98RJ,Brent,Family Hubs and Start for Life programme
London,St Raphael's Family Wellbeing Centre,NW100TS,Brent,Family Hubs and Start for Life programme
London,Three Tree's Family Wellbeing Centre,NW103HL,Brent,Family Hubs and Start for Life programme
London,Willow Family Wellbeing Centrre,HA99YP,Brent,Family Hubs and Start for Life programme
London,1a Children's Centre And Family Hub,EC1R4SR,Camden,Family Hubs and Start for Life programme
London,Agar Children's Centre And Family Hub,NW19SU,Camden,Family Hubs and Start for Life programme
London,Hampden Children's Centre,NW11HQ,Camden,Family Hubs and Start for Life programme
London,Harmood Children's Centre And Family Hub,NW18DQ,Camden,Family Hubs and Start for Life programme
London,Kilburn Grange Children's Centre And Family Hub,NW62JL,Camden,Family Hubs and Start for Life programme
London,Regent's Park Children's Centre And Family Hub,NW13TJ,Camden,Family Hubs and Start for Life programme
London,Samuel Coleridge Taylor,SE256XX,Croydon,Family Hubs and Start for Life programme
London,Woodlands Family Hub,CR28HD,Croydon,Family Hubs and Start for Life programme
London,Craig Park Youth & Family Hub,N182HN,Enfield,Family Hubs and Start for Life programme
London,Ponders End Youth & Family Hub,EN34PX,Enfield,Family Hubs and Start for Life programme
London,Waterways Children's Centre,SE288EZ,Greenwich,Family Hubs and Start for Life programme
London,Quaggy Children's Centre,SE137QZ,Greenwich,Family Hubs and Start for Life programme
London,Storkway Children's Centre,SE39QX,Greenwich,Family Hubs and Start for Life programme
London,Brookhill Children's Centre,SE186BD,Greenwich,Family Hubs and Start for Life programme
London,Ann Tayler Children And Family Hub,E83RP,Hackney,Family Hubs and Start for Life programme
London,Daubeney Children And Family Hub,E50EG,Hackney,Family Hubs and Start for Life programme
London,Linden Children And Family Hub,N167SH,Hackney,Family Hubs and Start for Life programme
London,Woodberry Down Children And Family Hub,N42NP,Hackney,Family Hubs and Start for Life programme
London,Old Oak Community & Children's Centre,W120AP,Hammersmith and Fulham,Family Hubs programme
London,Tudor Rose Community & Children's Centre,SW65PG,Hammersmith and Fulham,Family Hubs programme
London,Stephen Wiltshire Centre,SW66JR,Hammersmith and Fulham,Family Hubs programme
London,Muswell Hill Centre Family Hub,N103QJ,Haringey,Family Hubs and Start for Life programme
London,Northumberland Family Hub,N170QA,Haringey,Family Hubs and Start for Life programme
London,Rising Green Youth Hub,N226JA,Haringey,Family Hubs and Start for Life programme
London,Triangle Children Young People And Community Centre,N156NU,Haringey,Family Hubs and Start for Life programme
London,Family Hub Central (Lampton),TW34JG,Hounslow,Family Hubs and Start for Life programme
London,Family Hub East (Brentford),TW80BJ,Hounslow,Family Hubs and Start for Life programme
London,Family Hub West (Feltham),TW135AF,Hounslow,Family Hubs and Start for Life programme
London,Family Hub Central At New River Green Children's Centre,N12SX,Islington,Family Hubs and Start for Life programme
London,Family Hub North At Hornsey Road Children's Centre,N77EN,Islington,Family Hubs and Start for Life programme
London,Family Hub South At Bemerton Children's Centre,N10DX,Islington,Family Hubs and Start for Life programme
London,Benton's Lane Children's Centre,SE279UD,Lambeth,Family Hubs and Start for Life programme
London,Henry Fawcett Children's Centre,SE115BZ,Lambeth,Family Hubs and Start for Life programme
London,Hitherfield Children's Centre,SW162LW,Lambeth,Family Hubs and Start for Life programme
London,Jubilee Children's Centre,SW22JE,Lambeth,Family Hubs and Start for Life programme
London,Maytree Children's Centre,SW48EG,Lambeth,Family Hubs and Start for Life programme
London,Stockwell Children's Centre,SW99TG,Lambeth,Family Hubs and Start for Life programme
London,Bellingham Family Hub,SE63HB,Lewisham,Family Hubs and Start for Life programme
London,Deptford Family Hub,SE85NH,Lewisham,Family Hubs and Start for Life programme
London,Downham Family Hub,BR15PD,Lewisham,Family Hubs and Start for Life programme
London,Elliot Bank Family Hub,SE264BY,Lewisham,Family Hubs and Start for Life programme
London,Evelyn Family Hub,SE83PZ,Lewisham,Family Hubs and Start for Life programme
London,Kaleidoscope Child Development Centre,SE64JF,Lewisham,Family Hubs and Start for Life programme
London,Ladywell Family Hub,SE41JJ,Lewisham,Family Hubs and Start for Life programme
London,Honor Oak Youth And Family Hub,SE42JD,Lewisham,Family Hubs and Start for Life programme
London,Family Hub At Acacia,CR41SD,Merton,Family Hubs programme
London,Family Hub At Church Road/Phipps Bridge,CR43BH,Merton,Family Hubs programme
London,East Ham Family Hub,E62RT,Newham,Family Hubs and Start for Life programme
London,Manor Park Community Children's Centre,E125PB,Newham,Family Hubs and Start for Life programme
London,Shipman Youth Zone And Family Hub,E163JH,Newham,Family Hubs and Start for Life programme
London,United West Family Hub (Rebecca Cheetham & Kay Rowe),E153JT,Newham,Family Hubs and Start for Life programme
London,1st Place Children & Family Hub,SE50RN,Southwark,Family Hubs and Start for Life programme
London,Anne Bernadt Children & Family Hub,SE156DT,Southwark,Family Hubs and Start for Life programme
London,Dulwich Wood Nursery School And Children & Family Hub,SE218QS,Southwark,Family Hubs and Start for Life programme
London,Rye Oak Primary School And Children & Family Hub,SE153PD,Southwark,Family Hubs and Start for Life programme
London,South Bermondsey Children & Family Hub,SE163PN,Southwark,Family Hubs and Start for Life programme
London,Around Poplar Children And Family Centre,E148AP,Tower Hamlets,Family Hubs and Start for Life programme
London,Chrisp Street Children And Family Centre,E146AW,Tower Hamlets,Family Hubs and Start for Life programme
London,Collingwood Children And Family Centre,E15QT,Tower Hamlets,Family Hubs and Start for Life programme
London,Isle Of Dogs Family Hub,E143BX,Tower Hamlets,Family Hubs and Start for Life programme
London,John Smith Family Hub,E12EN,Tower Hamlets,Family Hubs and Start for Life programme
London,Marner Children And Family Centre,E33LL,Tower Hamlets,Family Hubs and Start for Life programme
London,Meath Gardens Family Hub,E20SN,Tower Hamlets,Family Hubs and Start for Life programme
London,Mile End Children And Family Centre,E34GY,Tower Hamlets,Family Hubs and Start for Life programme
London,Mowlem Children And Family Centre,E29DL,Tower Hamlets,Family Hubs and Start for Life programme
London,Ocean (Shadwell) Children And Family Centre Health Visitor Clinic,E10AF,Tower Hamlets,Family Hubs and Start for Life programme
London,Ocean Children And Family Centre,E10ND,Tower Hamlets,Family Hubs and Start for Life programme
London,Olga Children And Family Centre,E35DS,Tower Hamlets,Family Hubs and Start for Life programme
London,Overland Family Hub,E32RU,Tower Hamlets,Family Hubs and Start for Life programme
London,Wapping And Bigland Children And Family Centre,E12JP,Tower Hamlets,Family Hubs and Start for Life programme
London,Chingford Family Hub,E46EY,Waltham Forest,Family Hubs and Start for Life programme
London,Leytonstone Family Hub,E114LF,Waltham Forest,Family Hubs and Start for Life programme
London,Queen's Road Family Hub,E178PJ,Waltham Forest,Family Hubs and Start for Life programme
London,Walthamstow Family Hub,E175PX,Waltham Forest,Family Hubs and Start for Life programme
North East,Bishop Auckland Family Hub,DL146QL,County Durham,Family Hubs and Start for Life programme
North East,Brandon Family Hub,DH78NL,County Durham,Family Hubs and Start for Life programme
North East,Chester Le Street Family Hub,DH22EL,County Durham,Family Hubs and Start for Life programme
North East,Consett Family Hub,DH88EQ,County Durham,Family Hubs and Start for Life programme
North East,Durham Family Hub,DH12EY,County Durham,Family Hubs and Start for Life programme
North East,Easington Family Hub,SR83DJ,County Durham,Family Hubs and Start for Life programme
North East,Ferryhill Family Hub,DL178PH,County Durham,Family Hubs and Start for Life programme
North East,Horden Family Hub,SR84EQ,County Durham,Family Hubs and Start for Life programme
North East,Newton Aycliffe Family Hub,DL57DD,County Durham,Family Hubs and Start for Life programme
North East,Peterlee Family Hub,SR85NJ,County Durham,Family Hubs and Start for Life programme
North East,Seaham Family Hub,SR77EU,County Durham,Family Hubs and Start for Life programme
North East,Stanley Family Hub,DH90AB,County Durham,Family Hubs and Start for Life programme
North East,Tudhoe Moor Family Hub,DL166EX,County Durham,Family Hubs and Start for Life programme
North East,Wheatley Hill Family Hub,DH63RT,County Durham,Family Hubs and Start for Life programme
North East,Willington Family Hub,DL150EQ,County Durham,Family Hubs and Start for Life programme
North East,Birtley Harras Bank Family Hub,DH32LN,Gateshead,Family Hubs and Start for Life programme
North East,Blaydon Winlaton Family Hub,NE215EZ,Gateshead,Family Hubs and Start for Life programme
North East,Chopwell Family Hub,NE177HS,Gateshead,Family Hubs and Start for Life programme
North East,Chowdene Family Hub,NE97UD,Gateshead,Family Hubs and Start for Life programme
North East,Deckham Family Hub,NE95PA,Gateshead,Family Hubs and Start for Life programme
North East,Felling Family Hub,NE109LT,Gateshead,Family Hubs and Start for Life programme
North East,Leam Lane Family Hub,NE108QH,Gateshead,Family Hubs and Start for Life programme
North East,Teams Family Hub,NE82LS,Gateshead,Family Hubs and Start for Life programme
North East,Wrekenton Family Hub,NE97JR,Gateshead,Family Hubs and Start for Life programme
North East,Hindpool Close Family Hub,TS240TB,Hartlepool,Family Hubs and Start for Life programme
North East,Middleton Grange Family Hub,TS247RZ,Hartlepool,Family Hubs and Start for Life programme
North East,Miers Avenue Family Hub,TS249JQ,Hartlepool,Family Hubs and Start for Life programme
North East,Rossmere Family Hub,TS255EB,Hartlepool,Family Hubs and Start for Life programme
North East,West Middlesbrough Family Hub,TS54JR,Middlesbrough,Family Hubs and Start for Life programme
North East,Abingdon Family Hub,TS13JR,Middlesbrough,Family Hubs and Start for Life programme
North East,Hemlington Family Hub,TS89EQ,Middlesbrough,Family Hubs and Start for Life programme
North East,North Ormesby Family Hub,TS36DF,Middlesbrough,Family Hubs and Start for Life programme
North East,Park End Family Hub,TS30AA,Middlesbrough,Family Hubs and Start for Life programme
North East,Thorntree Family Hub,TS39JW,Middlesbrough,Family Hubs and Start for Life programme
North East,Children & Families Newcastle: Byker Sands Family Hub,NE62FF,Newcastle upon Tyne,Family Hubs and Start for Life programme
North East,Children & Families Newcastle: Galafield Family Hub,NE51LZ,Newcastle upon Tyne,Family Hubs and Start for Life programme
North East,Alnwick Family Hub,NE661DJ,Northumberland,Family Hubs and Start for Life programme
North East,Ashington Family Hub,NE639EF,Northumberland,Family Hubs and Start for Life programme
North East,Bedlington Family Hub,NE225JS,Northumberland,Family Hubs and Start for Life programme
North East,Bellingham Family Hub,NE482JS,Northumberland,Family Hubs and Start for Life programme
North East,Berwick Family Hub,TD152AE,Northumberland,Family Hubs and Start for Life programme
North East,Blyth Central Family Hub,NE241HG,Northumberland,Family Hubs and Start for Life programme
North East,Blyth West Family Hub,NE245AQ,Northumberland,Family Hubs and Start for Life programme
North East,Hadston And Amble Family Hub,NE659SR,Northumberland,Family Hubs and Start for Life programme
North East,Haltwhistle Family Hub,NE499BA,Northumberland,Family Hubs and Start for Life programme
North East,Hexham Family Hub,NE461JD,Northumberland,Family Hubs and Start for Life programme
North East,Newbiggin Family Hub,NE646RR,Northumberland,Family Hubs and Start for Life programme
North East,Prudhoe Family Hub,NE425FT,Northumberland,Family Hubs and Start for Life programme
North East,Wooler Family Hub,NE716SN,Northumberland,Family Hubs and Start for Life programme
North East,Guisborough Family Hub,TS146LD,Redcar and Cleveland,Family Hubs and Start for Life programme
North East,Loftus Family Hub & Youth & Community Centre,TS134HJ,Redcar and Cleveland,Family Hubs and Start for Life programme
North East,Ormesby Family Hub,TS79JF,Redcar and Cleveland,Family Hubs and Start for Life programme
North East,Redcar Coast Family Hub,TS101RR,Redcar and Cleveland,Family Hubs and Start for Life programme
North East,Skelton Family Hub & Youth & Community Centre,TS122HA,Redcar and Cleveland,Family Hubs and Start for Life programme
North East,South Bank Family Hub,TS66SY,Redcar and Cleveland,Family Hubs and Start for Life programme
North East,Dormanstown Family Hub,TS102LL,Redcar and Cleveland,Family Hubs and Start for Life programme
North East,Grangetown Family Hub,TS67HP,Redcar and Cleveland,Family Hubs and Start for Life programme
North East,Greengates Family Hub,TS104HS,Redcar and Cleveland,Family Hubs and Start for Life programme
North East,All Saints Family Hub,NE334SU,South Tyneside,Family Hubs and Start for Life programme
North East,Bede Family Hub,NE324AQ,South Tyneside,Family Hubs and Start for Life programme
North East,Biddick Hall And Whiteleas Family Hub,NE349JD,South Tyneside,Family Hubs and Start for Life programme
North East,Boldon Family Hub,NE359DG,South Tyneside,Family Hubs and Start for Life programme
North East,Hebburn Family Hub,NE311QY,South Tyneside,Family Hubs and Start for Life programme
North East,Horsely Hill Family Hub,NE347TD,South Tyneside,Family Hubs and Start for Life programme
North East,Jarrow Family Hub,NE323TD,South Tyneside,Family Hubs and Start for Life programme
North East,Marine Park Family Hub,NE332LS,South Tyneside,Family Hubs and Start for Life programme
North East,Primrose Family Hub,NE325QY,South Tyneside,Family Hubs and Start for Life programme
North East,Ridgeway Family Hub,NE348AB,South Tyneside,Family Hubs and Start for Life programme
North East,Riverside Family Hub,NE334JT,South Tyneside,Family Hubs and Start for Life programme
North East,Whitburn And Marsden Family Hub,SR67NS,South Tyneside,Family Hubs and Start for Life programme
North East,Bunnyhill Family Hub,SR54BW,Sunderland,Family Hubs and Start for Life programme
North East,Coalfield Family Hub,DH59NE,Sunderland,Family Hubs and Start for Life programme
North East,Rainbow Family Hub,NE373AE,Sunderland,Family Hubs and Start for Life programme
North East,Thorney Close Family Centre,SR34JQ,Sunderland,Family Hubs and Start for Life programme
North East,Winnibell Family Hub,SR12HS,Sunderland,Family Hubs and Start for Life programme
North West,Family Hub Darwen,BB30HD,Blackburn with Darwen,Family Hubs and Start for Life programme
North West,Family Hub Little Harwood,BB15PE,Blackburn with Darwen,Family Hubs and Start for Life programme
North West,Family Hub Livesey,BB24NU,Blackburn with Darwen,Family Hubs and Start for Life programme
North West,Family Hub Shadsworth,BB12HR,Blackburn with Darwen,Family Hubs and Start for Life programme
North West,Central Family Hub,FY13JW,Blackpool,Family Hubs and Start for Life programme
North West,North Family Hub,FY37NX,Blackpool,Family Hubs and Start for Life programme
North West,South Family Hub,FY42AP,Blackpool,Family Hubs and Start for Life programme
North West,Alexandra Family Hub,BL34BL,Bolton,Family Hubs and Start for Life programme
North West,Bright Meadows Family Hub,BL25DD,Bolton,Family Hubs and Start for Life programme
North West,Farnworth Family Hub,BL47AP,Bolton,Family Hubs and Start for Life programme
North West,Great Lever Family Hub,BL33AP,Bolton,Family Hubs and Start for Life programme
North West,Oldhams Start Well Centre,BL16RN,Bolton,Family Hubs and Start for Life programme
North West,Oxford Grove Family Hub,BL13BH,Bolton,Family Hubs and Start for Life programme
North West,Tonge Family Hub,BL22ED,Bolton,Family Hubs and Start for Life programme
North West,Oakenclough Family Hub,SK92PZ,Cheshire East,Family Hubs programme
North West,Ash Grove Family Hub,SK117TF,Cheshire East,Family Hubs programme
North West,Broken Cross Children's Centre,SK118UD,Cheshire East,Family Hubs programme
North West,Hurdsfield Children's Centre,SK102LW,Cheshire East,Family Hubs programme
North West,Knutsford Children's Centre,WA168DB,Cheshire East,Family Hubs programme
North West,Congleton Family Hub,CW123AH,Cheshire East,Family Hubs programme
North West,Monks Coppenhall Family Hub,CW14LY,Cheshire East,Family Hubs programme
North West,The Brooks Children's Centre,CW26PL,Cheshire East,Family Hubs programme
North West,Nantwich & Rural Children's Centre,CW55GX,Cheshire East,Family Hubs programme
North West,Oak Tree Family Hub,CW13LF,Cheshire East,Family Hubs programme
North West,Macclesfield Family Centre,SK101EA,Cheshire East,Family Hubs programme
North West,Crewe Family Centre,CW12BB,Cheshire East,Family Hubs programme
North West,Poynton Children's Centre,SK121NW,Cheshire East,Family Hubs programme
North West,Sandbach Children's Centre,CW114NS,Cheshire East,Family Hubs programme
North West,Whitehaven Family Hub,CA287LZ,Cumberland,Family Hubs programme
North West,Brookvale Family Hub,WA76BJ,Halton,Family Hubs and Start for Life programme
North West,Ditton Family Hub,WA88DF,Halton,Family Hubs and Start for Life programme
North West,Halton Lodge Family Hub,WA75LU,Halton,Family Hubs and Start for Life programme
North West,Kingsway Family Hub,WA87QY,Halton,Family Hubs and Start for Life programme
North West,Warrington Road Family Hub,WA80BS,Halton,Family Hubs and Start for Life programme
North West,Windmill Hill Family Hub,WA76QE,Halton,Family Hubs and Start for Life programme
North West,Pride Centre,L335YP,Knowsley,Family Hubs and Start for Life programme
North West,New Hutte,L261TT,Knowsley,Family Hubs and Start for Life programme
North West,Jubilee,L362LF,Knowsley,Family Hubs and Start for Life programme
North West,Clubmoor Family Hub,L111DQ,Liverpool,Family Hubs and Start for Life programme
North West,Speke Family Hub,L240TW,Liverpool,Family Hubs and Start for Life programme
North West,Picton Family Hub,L76HD,Liverpool,Family Hubs and Start for Life programme
North West,Granby Family Hub,L82TU,Liverpool,Family Hubs and Start for Life programme
North West,Fountains Family Hub,L41QH,Liverpool,Family Hubs and Start for Life programme
North West,Gorton Sacred Heart,M187NE,Manchester,Family Hubs and Start for Life programme
North West,Longsight Children's Centre Longsight Community Primary School And Sure Start Centre,M130QX,Manchester,Family Hubs and Start for Life programme
North West,Poundswick Children's Centre,M229TA,Manchester,Family Hubs and Start for Life programme
North West,Woodville Resource Centre,M80NE,Manchester,Family Hubs and Start for Life programme
North West,Alexandra Family Hub,OL45PU,Oldham,Family Hubs and Start for Life programme
North West,Beever Family Hub,OL13QU,Oldham,Family Hubs and Start for Life programme
North West,Medlock Vale Family Hub,OL83BP,Oldham,Family Hubs and Start for Life programme
North West,Oldham Library,OL11AL,Oldham,Family Hubs and Start for Life programme
North West,Shaw And Crompton Family Hub,OL28RF,Oldham,Family Hubs and Start for Life programme
North West,Spring Meadows Family Hub,OL42RN,Oldham,Family Hubs and Start for Life programme
North West,Stanley Road Family Hub,OL97HX,Oldham,Family Hubs and Start for Life programme
North West,Belfield Family Hub,OL162XW,Rochdale,Family Hubs and Start for Life programme
North West,Boarshaw Family Hub,M242PB,Rochdale,Family Hubs and Start for Life programme
North West,Castleton Family Hub,OL112PL,Rochdale,Family Hubs and Start for Life programme
North West,Deeplish Family Hub,OL111JT,Rochdale,Family Hubs and Start for Life programme
North West,Derby St Family Hub,OL104JQ,Rochdale,Family Hubs and Start for Life programme
North West,Heybrook Family Hub,OL129BJ,Rochdale,Family Hubs and Start for Life programme
North West,Hollin Family Hub,M246JP,Rochdale,Family Hubs and Start for Life programme
North West,Howard St Family Hub,OL120PP,Rochdale,Family Hubs and Start for Life programme
North West,Kirkway Family Hub,M241FL,Rochdale,Family Hubs and Start for Life programme
North West,Langley Family Hub,M244LA,Rochdale,Family Hubs and Start for Life programme
North West,Littleborough Family Hub,OL159JN,Rochdale,Family Hubs and Start for Life programme
North West,Meanwood Family Hub,OL127DJ,Rochdale,Family Hubs and Start for Life programme
North West,Moorhouse Family Hub,OL164DR,Rochdale,Family Hubs and Start for Life programme
North West,Newbold Family Hub,OL165NL,Rochdale,Family Hubs and Start for Life programme
North West,Norden Family Hub,OL127RQ,Rochdale,Family Hubs and Start for Life programme
North West,Sandbrook Family Hub,OL112LR,Rochdale,Family Hubs and Start for Life programme
North West,Woodland Family Hub,OL103BH,Rochdale,Family Hubs and Start for Life programme
North West,Central Family Hub (Broughton Hub),M74BQ,Salford,Family Hubs and Start for Life programme
North West,North Family Hub (Swinton Gateway),M276BP,Salford,Family Hubs and Start for Life programme
North West,South Family Hub (Irlam And Cadishead Academy),M445LH,Salford,Family Hubs and Start for Life programme
North West,West Family Hub (Little Hulton),M280BD,Salford,Family Hubs and Start for Life programme
North West,Central Link Family Hub,WA101QF,St. Helens,Family Hubs and Start for Life programme
North West,Newton Family Hub,WA129PZ,St. Helens,Family Hubs and Start for Life programme
North West,Sutton Family Hub,WA93PY,St. Helens,Family Hubs and Start for Life programme
North West,One Stockport Family Hub Garners Lane,SK38QW,Stockport,Family Hubs programme
North West,One Stockport Family Hub Westmorland Drive,SK58HH,Stockport,Family Hubs programme
North West,One Stockport Family Hub Abingdon Road,SK57EU,Stockport,Family Hubs programme
North West,One Stockport Family Hub Half Moon Lane,SK25LB,Stockport,Family Hubs programme
North West,One Stockport Family Hub Marple,SK66BA,Stockport,Family Hubs programme
North West,Ashton Library In Tameside One,OL66BH,Tameside,Family Hubs and Start for Life programme
North West,Denton Town Hall,M342AP,Tameside,Family Hubs and Start for Life programme
North West,Dukinfield Library,SK164DB,Tameside,Family Hubs and Start for Life programme
North West,Hyde Town Hall,SK141AL,Tameside,Family Hubs and Start for Life programme
North West,Ken Ward Sports Centre,SK143NL,Tameside,Family Hubs and Start for Life programme
North West,Mossley (Micklehurst) Children's Centre,OL59DR,Tameside,Family Hubs and Start for Life programme
North West,Oxford Park Cummunity Sports Centre,OL70PW,Tameside,Family Hubs and Start for Life programme
North West,Tameside Family Hub East,SK151EA,Tameside,Family Hubs and Start for Life programme
North West,Tameside Family Hub North,OL70LL,Tameside,Family Hubs and Start for Life programme
North West,Tameside Family Hub South,SK144SQ,Tameside,Family Hubs and Start for Life programme
North West,Tameside Family Hub West,M437RA,Tameside,Family Hubs and Start for Life programme
North West,Tameside One,OL66BH,Tameside,Family Hubs and Start for Life programme
North West,Tameside Wellness Centre,M343RD,Tameside,Family Hubs and Start for Life programme
North West,Barrow Library,LA141LL,Westmorland and Furness,Family Hubs programme
North West,Dalton Community Centre,LA158AF,Westmorland and Furness,Family Hubs programme
North West,Walney Library,LA143HY,Westmorland and Furness,Family Hubs programme
North West,Ormsgill Community Hub,LA144BP,Westmorland and Furness,Family Hubs programme
North West,Bram Longstaffe Family And Wellbeing Centre,LA142RX,Westmorland and Furness,Family Hubs programme
North West,Seacombe Family Hub,CH447AN,Wirral,Family Hubs programme
North West,Brassey Gardens Family Hub,CH418DA,Wirral,Family Hubs programme
North West,Equilibrium @ Livingstone Street Play & Community Centre,CH413HX,Wirral,Family Hubs programme
North West,North Birkenhead Development Trust,CH417AL,Wirral,Family Hubs programme
North West,Bromborough Family Hub,CH627BW,Wirral,Family Hubs programme
North West,Grove Street Primary School,CH625BA,Wirral,Family Hubs programme
North West,Ganneys Meadow Nursery School & Family Centre,CH498HB,Wirral,Family Hubs programme
North West,Koala North West,CH429PH,Wirral,Family Hubs programme
North West,Pensby Primary School & Stanley School,CH615UE,Wirral,Family Hubs programme
North West,Eastway Primary School,CH468TA,Wirral,Family Hubs programme
North West,Leasowe Millennium Centre,CH468TA,Wirral,Family Hubs programme
South East,Tarner Family Hub,BN29QE,Brighton and Hove,Family Hubs programme
South East,Whitehawk Family Hub,BN25FL,Brighton and Hove,Family Hubs programme
South East,Moulsecoomb Family Hub,BN24SE,Brighton and Hove,Family Hubs programme
South East,Hangleton Family Hub,BN38BW,Brighton and Hove,Family Hubs programme
South East,North Portslade Family Hub,BN412PY,Brighton and Hove,Family Hubs programme
South East,Hollingdean Family Hub,BN17DY,Brighton and Hove,Family Hubs programme
South East,Devonshire Family Hub,BN227NB,East Sussex,Family Hubs and Start for Life programme
South East,East Hastings Family Hub,TN343PZ,East Sussex,Family Hubs and Start for Life programme
South East,Hailsham East Family Hub,BN272JZ,East Sussex,Family Hubs and Start for Life programme
South East,Hastings Town Family Hub,TN341RT,East Sussex,Family Hubs and Start for Life programme
South East,Lewes Family Hub,BN72HQ,East Sussex,Family Hubs and Start for Life programme
South East,Peacehaven Family Hub,BN108NF,East Sussex,Family Hubs and Start for Life programme
South East,Robsack Family Hub,TN389TW,East Sussex,Family Hubs and Start for Life programme
South East,Shinewater Family Hub,BN238ED,East Sussex,Family Hubs and Start for Life programme
South East,Sidley Family Hub,TN395BD,East Sussex,Family Hubs and Start for Life programme
South East,St Leonards Family Hub,TN380QE,East Sussex,Family Hubs and Start for Life programme
South East,Uckfield Family Hub,TN221DL,East Sussex,Family Hubs and Start for Life programme
South East,Newport Family Hub,PO302AX,Isle of Wight,Family Hubs and Start for Life programme
South East,Ryde Family Hub,PO332JF,Isle of Wight,Family Hubs and Start for Life programme
South East,Sandown Family Hub,PO369EQ,Isle of Wight,Family Hubs and Start for Life programme
South East,Ashford North Family Hub,TN248BJ,Kent,Family Hubs and Start for Life programme
South East,Aycliffe Family Hub,CT179HJ,Kent,Family Hubs and Start for Life programme
South East,Birchington Family Hub,CT70AS,Kent,Family Hubs and Start for Life programme
South East,Bockhanger Family Hub,TN249LS,Kent,Family Hubs and Start for Life programme
South East,Briary Family Hub,CT67RS,Kent,Family Hubs and Start for Life programme
South East,Buckland Family Hub,CT162BN,Kent,Family Hubs and Start for Life programme
South East,Bysing Wood Family Hub,ME137NU,Kent,Family Hubs and Start for Life programme
South East,Castle Hill Family Hub,CT196EQ,Kent,Family Hubs and Start for Life programme
South East,Chantry Family Hub,DA122RL,Kent,Family Hubs and Start for Life programme
South East,Cheriton Family Hub,CT194PN,Kent,Family Hubs and Start for Life programme
South East,Cliftonville Family Hub,CT92DB,Kent,Family Hubs and Start for Life programme
South East,Dartford Family Hub,DA12SW,Kent,Family Hubs and Start for Life programme
South East,Deal Family Hub,CT149UU,Kent,Family Hubs and Start for Life programme
South East,East Malling Family Hub,ME196SD,Kent,Family Hubs and Start for Life programme
South East,Edenbridge Family Hub,TN85AB,Kent,Family Hubs and Start for Life programme
South East,Folkestone Family Hub,CT201QF,Kent,Family Hubs and Start for Life programme
South East,Greenfields Family Hub,ME158DR,Kent,Family Hubs and Start for Life programme
South East,Herne Bay Family Hub,CT65RG,Kent,Family Hubs and Start for Life programme
South East,Infozone Family Hub,ME156NF,Kent,Family Hubs and Start for Life programme
South East,Kings Farm Family Hub,DA125JT,Kent,Family Hubs and Start for Life programme
South East,Kingsmead Family Hub,CT27PH,Kent,Family Hubs and Start for Life programme
South East,Knockhall Family Hub,DA99HD,Kent,Family Hubs and Start for Life programme
South East,Lawn Family Hub,DA119HB,Kent,Family Hubs and Start for Life programme
South East,Leysdown Family Hub,ME124NA,Kent,Family Hubs and Start for Life programme
South East,Long Mead Family Hub,TN103JU,Kent,Family Hubs and Start for Life programme
South East,Margate Family Hub,CT91WH,Kent,Family Hubs and Start for Life programme
South East,Milton Court Family Hub,ME102EE,Kent,Family Hubs and Start for Life programme
South East,Murston Family Hub,ME101PT,Kent,Family Hubs and Start for Life programme
South East,New Romney Family Hub,TN288BL,Kent,Family Hubs and Start for Life programme
South East,Newington Family Hub,CT126HX,Kent,Family Hubs and Start for Life programme
South East,Newlands Family Hub,CT117AJ,Kent,Family Hubs and Start for Life programme
South East,Northdown Road Family Hub,CT91RP,Kent,Family Hubs and Start for Life programme
South East,Northfleet Family Hub,DA118AJ,Kent,Family Hubs and Start for Life programme
South East,Parkwood Family Hub,ME159JR,Kent,Family Hubs and Start for Life programme
South East,Riverside Family Hub,DA122JY,Kent,Family Hubs and Start for Life programme
South East,Shears Green Family Hub,DA117JF,Kent,Family Hubs and Start for Life programme
South East,Sherwood Family Hub,TN23UA,Kent,Family Hubs and Start for Life programme
South East,Snodland Family Hub,ME65HS,Kent,Family Hubs and Start for Life programme
South East,Southborough Family Hub,ME156TL,Kent,Family Hubs and Start for Life programme
South East,Swanley Family Hub,BR87BU,Kent,Family Hubs and Start for Life programme
South East,Swanscombe Family Hub,DA100BU,Kent,Family Hubs and Start for Life programme
South East,Tenterden Family Hub,TN306RA,Kent,Family Hubs and Start for Life programme
South East,The Willow Family Hub,TN234EY,Kent,Family Hubs and Start for Life programme
South East,Tonbridge Family Hub,TN91TR,Kent,Family Hubs and Start for Life programme
South East,Tunbridge Wells Family Hub,TN11SD,Kent,Family Hubs and Start for Life programme
South East,Waterside Family Hub,TN240PQ,Kent,Family Hubs and Start for Life programme
South East,Westborough Family Hub,ME168TL,Kent,Family Hubs and Start for Life programme
South East,Whitstable Family Hub,CT52BJ,Kent,Family Hubs and Start for Life programme
South East,Wincheap Family Hub,CT13SD,Kent,Family Hubs and Start for Life programme
South East,Woodgrove Family Hub,ME101JS,Kent,Family Hubs and Start for Life programme
South East,Chatham Children And Family Hub,ME45AZ,Medway,Family Hubs and Start for Life programme
South East,Gillingham Children And Family Hub,ME72BX,Medway,Family Hubs and Start for Life programme
South East,Strood Children And Family Hub,ME22HG,Medway,Family Hubs and Start for Life programme
South East,Wayfield And Rainham Children And Family Hub,ME50HH,Medway,Family Hubs and Start for Life programme
South East,Buckland Family Hub,PO14PN,Portsmouth,Family Hubs and Start for Life programme
South East,Milton Park Family Hub,PO48EU,Portsmouth,Family Hubs and Start for Life programme
South East,Northern Parade Family Hub,PO29NE,Portsmouth,Family Hubs and Start for Life programme
South East,Paulsgrove Family Hub,PO63PL,Portsmouth,Family Hubs and Start for Life programme
South East,Somerstown Family Hub,PO54LP,Portsmouth,Family Hubs and Start for Life programme
South East,Blackberry,SO196FH,Southampton,Family Hubs and Start for Life programme
South East,Clovelly,SO140AU,Southampton,Family Hubs and Start for Life programme
South East,Cutbush,SO182GF,Southampton,Family Hubs and Start for Life programme
South East,Honeysuckle,SO163BZ,Southampton,Family Hubs and Start for Life programme
South East,Pickles Coppice,SO169QX,Southampton,Family Hubs and Start for Life programme
South East,Seashell,SO199JQ,Southampton,Family Hubs and Start for Life programme
South East,Maple Hub,SO164NU,Southampton,Family Hubs and Start for Life programme
South West,Boscombe Family Hub,BH14PE,"Bournemouth, Christchurch and Poole",Family Hubs programme
South West,Kinson And West Howe Family Hub,BH118AU,"Bournemouth, Christchurch and Poole",Family Hubs programme
South West,Poole Old Town Family Hub,BH151QB,"Bournemouth, Christchurch and Poole",Family Hubs programme
South West,Rossmore Family Hub,BH124HR,"Bournemouth, Christchurch and Poole",Family Hubs programme
South West,Christchurch Family Hub,BH233AS,"Bournemouth, Christchurch and Poole",Family Hubs programme
South West,Turlin Moor Family Hub,BH165AH,"Bournemouth, Christchurch and Poole",Family Hubs programme
South West,Townsend Family Hub,BH80LT,"Bournemouth, Christchurch and Poole",Family Hubs programme
South West,Hartcliffe Nursery And Childrens Centre,BS130JW,"Bristol, City of",Family Hubs and Start for Life programme
South West,Southmead Childrens Centre,BS105PW,"Bristol, City of",Family Hubs and Start for Life programme
South West,Wellspring Settlement,BS59QY,"Bristol, City of",Family Hubs and Start for Life programme
South West,Bodmin Family Hub,PL311JS,Cornwall,Family Hubs and Start for Life programme
South West,Callington Family Hub,PL177EF,Cornwall,Family Hubs and Start for Life programme
South West,Camborne Family Hub,TR148QH,Cornwall,Family Hubs and Start for Life programme
South West,Hayle Family Hub,TR274ND,Cornwall,Family Hubs and Start for Life programme
South West,Helston Family Hub,TR138JF,Cornwall,Family Hubs and Start for Life programme
South West,Launceston Family Hub,PL159DQ,Cornwall,Family Hubs and Start for Life programme
South West,Liskeard Family Hub,PL144AP,Cornwall,Family Hubs and Start for Life programme
South West,Newquay Family Hub,TR72LU,Cornwall,Family Hubs and Start for Life programme
South West,Penzance Family Hub,TR182QP,Cornwall,Family Hubs and Start for Life programme
South West,Perranporth Family Hub,TR60EU,Cornwall,Family Hubs and Start for Life programme
South West,Redruth Family Hub,TR151NA,Cornwall,Family Hubs and Start for Life programme
South West,Saltash Family Hub,PL126DX,Cornwall,Family Hubs and Start for Life programme
South West,St Austell Family Hub,PL255AZ,Cornwall,Family Hubs and Start for Life programme
South West,St Blazey Family Hub,PL242ND,Cornwall,Family Hubs and Start for Life programme
South West,St Dennis,PL268AY,Cornwall,Family Hubs and Start for Life programme
South West,St Pauls Family Hub,TR11BP,Cornwall,Family Hubs and Start for Life programme
South West,The Lighthouse,TR112BB,Cornwall,Family Hubs and Start for Life programme
South West,The Park Family Hub,TR112DJ,Cornwall,Family Hubs and Start for Life programme
South West,Torpoint Youth & Family Hub,PL112NH,Cornwall,Family Hubs and Start for Life programme
South West,Treloweth Family Hub,TR153JL,Cornwall,Family Hubs and Start for Life programme
South West,Troon Family Hub,TR149ED,Cornwall,Family Hubs and Start for Life programme
South West,Wadebridge Family Hub,PL277AL,Cornwall,Family Hubs and Start for Life programme
South West,"The Centre, Trickett's Cross",BH228XH,Dorset,Family Hubs programme
South West,Leigh Park Family Hub,BH212AP,Dorset,Family Hubs programme
South West,Wareham Family Hub,BH204PH,Dorset,Family Hubs programme
South West,Bridport Family Hub,DT65LA,Dorset,Family Hubs programme
South West,Dorchester Family Hub,DT11UQ,Dorset,Family Hubs programme
South West,Littlemorr Family Hub,DT36AY,Dorset,Family Hubs programme
South West,Swanage Family Hub,BH192NB,Dorset,Family Hubs programme
South West,The Vale Family Hub,DT101AZ,Dorset,Family Hubs programme
South West,Efford,PL36HU,Plymouth,Family Hubs and Start for Life programme
South West,Four Woods,PL52LN,Plymouth,Family Hubs and Start for Life programme
South West,Green Ark,PL14DW,Plymouth,Family Hubs and Start for Life programme
South West,Morice Town,PL21RJ,Plymouth,Family Hubs and Start for Life programme
South West,Nomony,PL40PA,Plymouth,Family Hubs and Start for Life programme
South West,North Prospect,PL22LL,Plymouth,Family Hubs and Start for Life programme
South West,Rees,PL72PS,Plymouth,Family Hubs and Start for Life programme
South West,Southway,PL66TB,Plymouth,Family Hubs and Start for Life programme
South West,The Barn,PL52EJ,Plymouth,Family Hubs and Start for Life programme
South West,Whitleigh,PL54DD,Plymouth,Family Hubs and Start for Life programme
South West,Manor Street,PL11TL,Plymouth,Family Hubs and Start for Life programme
South West,St Edmund's,TQ13QH,Torbay,Family Hubs and Start for Life programme
South West,The Barn,TQ59DF,Torbay,Family Hubs and Start for Life programme
South West,The Beehive,TQ33DZ,Torbay,Family Hubs and Start for Life programme
South West,Zigzag,TQ13AQ,Torbay,Family Hubs and Start for Life programme
West Midlands,Edgbaston Family Hub - Doddington Children's Centre,B324EL,Birmingham,Family Hubs and Start for Life programme
West Midlands,Erdington Family Hub - Lakeside Children's Centre,B237UH,Birmingham,Family Hubs and Start for Life programme
West Midlands,Erdington Family Hub Satellite - Castle Vale Children's Centre,B356DU,Birmingham,Family Hubs and Start for Life programme
West Midlands,Hall Green Family Hub - St Pauls Children's Centre,B128NN,Birmingham,Family Hubs and Start for Life programme
West Midlands,Hall Green Family Hub Satellite Springfield Children's Centre,B139NY,Birmingham,Family Hubs and Start for Life programme
West Midlands,Hodge Hill Family Hub Dyson Children's Centre,B83QF,Birmingham,Family Hubs and Start for Life programme
West Midlands,Hodge Hill Family Hub Satellite Kitts Green Children's Centre,B339RB,Birmingham,Family Hubs and Start for Life programme
West Midlands,Ladywood Family Hub Satellite Ladywood Children's Centre,B168UR,Birmingham,Family Hubs and Start for Life programme
West Midlands,Ladywood Family Hub Soho Children's Centre,B210RY,Birmingham,Family Hubs and Start for Life programme
West Midlands,Northfield Family Hub - Frankley Children's Centre,B450EU,Birmingham,Family Hubs and Start for Life programme
West Midlands,Perry Barr Family Hub - Rookery Children's Centre,B219QA,Birmingham,Family Hubs and Start for Life programme
West Midlands,Perry Barr Family Hub Satellite - Lime Tree Children's Centre,B191HJ,Birmingham,Family Hubs and Start for Life programme
West Midlands,Selly Oak Family Hub - Chinnbrook Children's Centre,B130ET,Birmingham,Family Hubs and Start for Life programme
West Midlands,Sutton Coldfield Family Hub - Holland House Children's Centre,B721RE,Birmingham,Family Hubs and Start for Life programme
West Midlands,Sutton Coldfield Family Hub - Our Place Support,B721RN,Birmingham,Family Hubs and Start for Life programme
West Midlands,Yardley Family Hub - Fox Hollies Children's Centre,B277QA,Birmingham,Family Hubs and Start for Life programme
West Midlands,Aspire Family Hub,CV12SF,Coventry,Family Hubs and Start for Life programme
West Midlands,Families For All Family Hub,CV65LB,Coventry,Family Hubs and Start for Life programme
West Midlands,Harmony Family Hub,CV15GR,Coventry,Family Hubs and Start for Life programme
West Midlands,Mosaic Family Hub,CV49PL,Coventry,Family Hubs and Start for Life programme
West Midlands,Park Edge Family Hub,CV21NE,Coventry,Family Hubs and Start for Life programme
West Midlands,Pathways Family Hub,CV61HD,Coventry,Family Hubs and Start for Life programme
West Midlands,The Moat Family Hub,CV21EQ,Coventry,Family Hubs and Start for Life programme
West Midlands,Wood Side Family Hub,CV33GL,Coventry,Family Hubs and Start for Life programme
West Midlands,Brierley Hill Family Hub,DY53DY,Dudley,Family Hubs and Start for Life programme
West Midlands,Dudley Central Family Hub,DY28LJ,Dudley,Family Hubs and Start for Life programme
West Midlands,Coseley Family Hub,WV149DS,Dudley,Family Hubs and Start for Life programme
West Midlands,Halesowen Family Hub,DY98HT,Dudley,Family Hubs and Start for Life programme
West Midlands,Stourbridge Family Hub,DY81XF,Dudley,Family Hubs and Start for Life programme
West Midlands,Child Development Centre,DY48UH,Sandwell,Family Hubs and Start for Life programme
West Midlands,Oldbury Family Hub,DY47SD,Sandwell,Family Hubs and Start for Life programme
West Midlands,Rowley Family Hub,B658JY,Sandwell,Family Hubs and Start for Life programme
West Midlands,Smethwick Family Hub,B663PX,Sandwell,Family Hubs and Start for Life programme
West Midlands,Tipton Family Hub,DY40TB,Sandwell,Family Hubs and Start for Life programme
West Midlands,Wednesbury Family Hub,WS100JG,Sandwell,Family Hubs and Start for Life programme
West Midlands,Wednesbury North Family Hub Spoke,WS109NP,Sandwell,Family Hubs and Start for Life programme
West Midlands,West Bromwich Central Family Hub,B709EZ,Sandwell,Family Hubs and Start for Life programme
West Midlands,West Bromwich North Family Hub,B713DJ,Sandwell,Family Hubs and Start for Life programme
West Midlands,Great Barr And Yew Tree Spoke,WS54DX,Sandwell,Family Hubs and Start for Life programme
West Midlands,West Bromwich North Spoke,B711JU,Sandwell,Family Hubs and Start for Life programme
West Midlands,West Bromwich Central Spoke,B708RP,Sandwell,Family Hubs and Start for Life programme
West Midlands,Tipton Spoke,DY49NJ,Sandwell,Family Hubs and Start for Life programme
West Midlands,Oldbury Spoke,B688NG,Sandwell,Family Hubs and Start for Life programme
West Midlands,Smethwick Spoke,B663EU,Sandwell,Family Hubs and Start for Life programme
West Midlands,Elmwood Family Hub - In Elmwood Place,B360UG,Solihull,Family Hubs programme
West Midlands,Evergreen Family Hub,B376DF,Solihull,Family Hubs programme
West Midlands,Hatchford Brook Family Hub,B928JE,Solihull,Family Hubs programme
West Midlands,Riverside Family Hub,B375DP,Solihull,Family Hubs programme
West Midlands,Shirley Health Outreach Hub,B903DS,Solihull,Family Hubs programme
West Midlands,Blurton Family Hub,ST33JU,Stoke-on-Trent,Family Hubs and Start for Life programme
West Midlands,Bentilee Family Hub,ST20HP,Stoke-on-Trent,Family Hubs and Start for Life programme
West Midlands,Chell Heath Family Hub,ST66QW,Stoke-on-Trent,Family Hubs and Start for Life programme
West Midlands,Normacot Family Hub,ST34RF,Stoke-on-Trent,Family Hubs and Start for Life programme
West Midlands,Shelton Family Hub,ST42DQ,Stoke-on-Trent,Family Hubs and Start for Life programme
West Midlands,Tunstall Family Hub,ST65PH,Stoke-on-Trent,Family Hubs and Start for Life programme
West Midlands,Family Hubs @ Hanley Market,ST11PS,Stoke-on-Trent,Family Hubs and Start for Life programme
West Midlands,Cherry Blossom Family Hub,TF29TU,Telford and Wrekin,Family Hubs and Start for Life programme
West Midlands,Evergreen Family Hub,TF42EX,Telford and Wrekin,Family Hubs and Start for Life programme
West Midlands,Hazel Family Hub,TF15NU,Telford and Wrekin,Family Hubs and Start for Life programme
West Midlands,Oak Family Hub,TF26EP,Telford and Wrekin,Family Hubs and Start for Life programme
West Midlands,Silver Birch Family Hub,TF74HG,Telford and Wrekin,Family Hubs and Start for Life programme
West Midlands,Walnut Family Hub,TF75HX,Telford and Wrekin,Family Hubs and Start for Life programme
West Midlands,Damson Family A Hub,TF27PR,Telford and Wrekin,Family Hubs and Start for Life programme
West Midlands,Damson Family B Hub,TF28AD,Telford and Wrekin,Family Hubs and Start for Life programme
West Midlands,Central & South Locality Team,WS28NG,Walsall,Family Hubs and Start for Life programme
West Midlands,East Locality Team,WS86HA,Walsall,Family Hubs and Start for Life programme
West Midlands,North Locality Team,WS31HJ,Walsall,Family Hubs and Start for Life programme
West Midlands,West Locality Team,WS108AE,Walsall,Family Hubs and Start for Life programme
West Midlands,Bingley Family Hub,WV30JE,Wolverhampton,Family Hubs and Start for Life programme
West Midlands,Children's Village Strengthening Families Hub,WV111PE,Wolverhampton,Family Hubs and Start for Life programme
West Midlands,Dove Family Hub,WV81XF,Wolverhampton,Family Hubs and Start for Life programme
West Midlands,Eastfield Strengthening Families Hub,WV12QY,Wolverhampton,Family Hubs and Start for Life programme
West Midlands,Graiseley Strengthening Families Hub,WV24NE,Wolverhampton,Family Hubs and Start for Life programme
West Midlands,Low Hill Family Hub,WV109LZ,Wolverhampton,Family Hubs and Start for Life programme
West Midlands,Rocket Pool Family Hub,WV148BH,Wolverhampton,Family Hubs and Start for Life programme
West Midlands,Whitmore Reans Strengthening Families Hub,WV14AL,Wolverhampton,Family Hubs and Start for Life programme
Yorkshire and The Humber,Central Family Hub,S704BD,Barnsley,Family Hubs and Start for Life programme
Yorkshire and The Humber,Dearne Family Hub,S630JR,Barnsley,Family Hubs and Start for Life programme
Yorkshire and The Humber,North East Family Hub,S727BH,Barnsley,Family Hubs and Start for Life programme
Yorkshire and The Humber,North Family Hub,S713NB,Barnsley,Family Hubs and Start for Life programme
Yorkshire and The Humber,Penistone Family Hub,S366AR,Barnsley,Family Hubs and Start for Life programme
Yorkshire and The Humber,South Family Hub,S738HT,Barnsley,Family Hubs and Start for Life programme
Yorkshire and The Humber,Barkerend Family Hub,BD38QX,Bradford,Family Hubs and Start for Life programme
Yorkshire and The Humber,Farcliffe Family Hub,BD88QH,Bradford,Family Hubs and Start for Life programme
Yorkshire and The Humber,Reevy Hill Family Hub,BD63ST,Bradford,Family Hubs and Start for Life programme
Yorkshire and The Humber,Tfd Family Hub,BD49BU,Bradford,Family Hubs and Start for Life programme
Yorkshire and The Humber,The Gateway Family Hub,BD100JR,Bradford,Family Hubs and Start for Life programme
Yorkshire and The Humber,The Rainbow Family Hub,BD226JB,Bradford,Family Hubs and Start for Life programme
Yorkshire and The Humber,Ash Green Family Hub,HX28RX,Calderdale,Family Hubs and Start for Life programme
Yorkshire and The Humber,Boothtown Family Hub,HX36PU,Calderdale,Family Hubs and Start for Life programme
Yorkshire and The Humber,Creations Family Hub,HX20QD,Calderdale,Family Hubs and Start for Life programme
Yorkshire and The Humber,Elland Family Hub,HX50BB,Calderdale,Family Hubs and Start for Life programme
Yorkshire and The Humber,Illingworth Family Hub,HX29RL,Calderdale,Family Hubs and Start for Life programme
Yorkshire and The Humber,Innovations Family Hub,HX28DQ,Calderdale,Family Hubs and Start for Life programme
Yorkshire and The Humber,Jubilee Family Hub,HX15NB,Calderdale,Family Hubs and Start for Life programme
Yorkshire and The Humber,Kevin Pearce Family Hub,HX35RQ,Calderdale,Family Hubs and Start for Life programme
Yorkshire and The Humber,Little Stars Family Hub,HX13XL,Calderdale,Family Hubs and Start for Life programme
Yorkshire and The Humber,Northowram And Shelf Family Hub,HX37EJ,Calderdale,Family Hubs and Start for Life programme
Yorkshire and The Humber,Siddal Family Hub,HX39DL,Calderdale,Family Hubs and Start for Life programme
Yorkshire and The Humber,Todmorden Family Hub,OL147BX,Calderdale,Family Hubs and Start for Life programme
Yorkshire and The Humber,Wellholme Park Family Hub,HD64AF,Calderdale,Family Hubs and Start for Life programme
Yorkshire and The Humber,Adwick Family Hub,DN67RU,Doncaster,Family Hubs and Start for Life programme
Yorkshire and The Humber,Armthorpe Family Hub,DN32DG,Doncaster,Family Hubs and Start for Life programme
Yorkshire and The Humber,Askern Family Hub,DN60HZ,Doncaster,Family Hubs and Start for Life programme
Yorkshire and The Humber,Balby Family Hub,DN40TY,Doncaster,Family Hubs and Start for Life programme
Yorkshire and The Humber,Bentley Family Hub,DN50NP,Doncaster,Family Hubs and Start for Life programme
Yorkshire and The Humber,Bentley My Place Youth Hub,DN50HU,Doncaster,Family Hubs and Start for Life programme
Yorkshire and The Humber,Central Family Hub,DN13LE,Doncaster,Family Hubs and Start for Life programme
Yorkshire and The Humber,Denaby Family Hub,DN124HZ,Doncaster,Family Hubs and Start for Life programme
Yorkshire and The Humber,Mexborough Family Hub,S649ED,Doncaster,Family Hubs and Start for Life programme
Yorkshire and The Humber,Moorends Family Hub,DN84SB,Doncaster,Family Hubs and Start for Life programme
Yorkshire and The Humber,Rossington Family Hub,DN110TA,Doncaster,Family Hubs and Start for Life programme
Yorkshire and The Humber,Stainforth Family Hub,DN75DH,Doncaster,Family Hubs and Start for Life programme
Yorkshire and The Humber,Tom Hill Youth Hub,DN124AQ,Doncaster,Family Hubs and Start for Life programme
Yorkshire and The Humber,Wheatley Family Hub,DN24AJ,Doncaster,Family Hubs and Start for Life programme
Yorkshire and The Humber,Acorns Family Hub,HU94DB,"Kingston upon Hull, City of",Family Hubs and Start for Life programme
Yorkshire and The Humber,Fenchurch Family Hub,HU51JF,"Kingston upon Hull, City of",Family Hubs and Start for Life programme
Yorkshire and The Humber,Lemon Tree Family Hub,HU75DD,"Kingston upon Hull, City of",Family Hubs and Start for Life programme
Yorkshire and The Humber,Little Stars Family Hub,HU93QB,"Kingston upon Hull, City of",Family Hubs and Start for Life programme
Yorkshire and The Humber,Longhill Family Hub,HU89RW,"Kingston upon Hull, City of",Family Hubs and Start for Life programme
Yorkshire and The Humber,Marfleet Family Hub,HU95AN,"Kingston upon Hull, City of",Family Hubs and Start for Life programme
Yorkshire and The Humber,Mcmillan Family Hub,HU68HS,"Kingston upon Hull, City of",Family Hubs and Start for Life programme
Yorkshire and The Humber,Mersey Family Hub,HU88TX,"Kingston upon Hull, City of",Family Hubs and Start for Life programme
Yorkshire and The Humber,Octagon Family Hub,HU32RA,"Kingston upon Hull, City of",Family Hubs and Start for Life programme
Yorkshire and The Humber,Parks Family Hub,HU69TA,"Kingston upon Hull, City of",Family Hubs and Start for Life programme
Yorkshire and The Humber,Priory Family Hub,HU55RU,"Kingston upon Hull, City of",Family Hubs and Start for Life programme
Yorkshire and The Humber,Rainbow Family Hub,HU35QE,"Kingston upon Hull, City of",Family Hubs and Start for Life programme
Yorkshire and The Humber,Central Family Hub,DN329HL,North East Lincolnshire,Family Hubs and Start for Life programme
Yorkshire and The Humber,East Marsh Family Hub,DN327QB,North East Lincolnshire,Family Hubs and Start for Life programme
Yorkshire and The Humber,Immingham Family Hub,DN401LD,North East Lincolnshire,Family Hubs and Start for Life programme
Yorkshire and The Humber,Nunsthorpe And Bradley Park Family Hub,DN331AN,North East Lincolnshire,Family Hubs and Start for Life programme
Yorkshire and The Humber,Queensway Family Hub,DN379AS,North East Lincolnshire,Family Hubs and Start for Life programme
Yorkshire and The Humber,Reynolds Family Hub,DN357LJ,North East Lincolnshire,Family Hubs and Start for Life programme
Yorkshire and The Humber,West Marsh Family Hub,DN312DS,North East Lincolnshire,Family Hubs and Start for Life programme
Yorkshire and The Humber,Ashby Community Centre,DN163DZ,North Lincolnshire,Family Hubs and Start for Life programme
Yorkshire and The Humber,Ashby Community Hub,DN162RY,North Lincolnshire,Family Hubs and Start for Life programme
Yorkshire and The Humber,Barton Family Hub,DN185AW,North Lincolnshire,Family Hubs and Start for Life programme
Yorkshire and The Humber,Brigg Family Hub,DN208AF,North Lincolnshire,Family Hubs and Start for Life programme
Yorkshire and The Humber,Henderson Avenue Family Hub,DN157RW,North Lincolnshire,Family Hubs and Start for Life programme
Yorkshire and The Humber,Keadby Family Hub,DN173BN,North Lincolnshire,Family Hubs and Start for Life programme
Yorkshire and The Humber,Live Well Isle Of Axholme,DN91BZ,North Lincolnshire,Family Hubs and Start for Life programme
Yorkshire and The Humber,West Street Family Hub,DN156HS,North Lincolnshire,Family Hubs and Start for Life programme
Yorkshire and The Humber,Brookfield Family Hub,S648TQ,Rotherham,Family Hubs and Start for Life programme
Yorkshire and The Humber,Maltby Stepping Stones Family Hub,S667NQ,Rotherham,Family Hubs and Start for Life programme
Yorkshire and The Humber,The Place Family Hub,S651LW,Rotherham,Family Hubs and Start for Life programme
Yorkshire and The Humber,Darnall Family Hub,S94RA,Sheffield,Family Hubs and Start for Life programme
Yorkshire and The Humber,Early Days Family Hub,S58GS,Sheffield,Family Hubs and Start for Life programme
Yorkshire and The Humber,First Start Family Hub,S56HH,Sheffield,Family Hubs and Start for Life programme
Yorkshire and The Humber,Primrose Family Hub,S62TN,Sheffield,Family Hubs and Start for Life programme
Yorkshire and The Humber,Sharrow Family Hub,S24NF,Sheffield,Family Hubs and Start for Life programme
Yorkshire and The Humber,Shortbrook Family Hub,S208FB,Sheffield,Family Hubs and Start for Life programme
Yorkshire and The Humber,Valley Park Family Hub,S141LW,Sheffield,Family Hubs and Start for Life programme
Yorkshire and The Humber,Butterflies Family Hub,WF61BB,Wakefield,Family Hubs and Start for Life programme
Yorkshire and The Humber,Cedars Family Hub,WF94PU,Wakefield,Family Hubs and Start for Life programme
Yorkshire and The Humber,Central Youth Hub,WF11LT,Wakefield,Family Hubs and Start for Life programme
Yorkshire and The Humber,Havercroft Family Hub,WF42BE,Wakefield,Family Hubs and Start for Life programme
Yorkshire and The Humber,Kendal Drive Family Hub,WF103SP,Wakefield,Family Hubs and Start for Life programme
Yorkshire and The Humber,Oakhill Family Hub,WF75JB,Wakefield,Family Hubs and Start for Life programme
Yorkshire and The Humber,Platform 1 Youth Hub,WF94AB,Wakefield,Family Hubs and Start for Life programme
Yorkshire and The Humber,Pomfret Family Hub,WF82DD,Wakefield,Family Hubs and Start for Life programme
Yorkshire and The Humber,Stanley Family Hub,WF34JB,Wakefield,Family Hubs and Start for Life programme
Yorkshire and The Humber,Sunbeam Family Hub,WF28RH,Wakefield,Family Hubs and Start for Life programme
Yorkshire and The Humber,The Castle Family Hub,WF15NU,Wakefield,Family Hubs and Start for Life programme
Yorkshire and The Humber,The Hut Youth Hub,WF103ET,Wakefield,Family Hubs and Start for Life programme
Yorkshire and the Humber,Clifton Children's Centre,YO306JA,York,Family Hubs programme
Yorkshire and the Humber,Hob Moor Children's Centre,YO244PS,York,Family Hubs programme
Yorkshire and the Humber,The Avenue's Children's Centre,YO310UT,York,Family Hubs programme
Yorkshire and the Humber,York Explore,YO17DS,York,Family Hubs programme
Yorkshire and the Humber,Acomb Explore,YO243BZ,York,Family Hubs programme
Yorkshire and the Humber,Tang Hall Explore,YO310HA,York,Family Hubs programme
Yorkshire and the Humber,Clifton Explore,YO306NS,York,Family Hubs programme
