Estate Name,ICB,Category,Organisation,Borough/Place,Postcode,Latitude,Longitude,Address,Notes / Sources
Whittington Hospital,NCL,Acute hospital,Whittington Health NHS Trust,Islington / Haringey,N19 5NF,51.56648,–0.13907,,NHS postcode geolocation
Finsbury Health Centre,NCL,Community health,NHS / Local partnership,Islington,N5 1QS,51.55559,–0.10679,,NHS postcode geolocation
Manor Gardens Centre,NCL,Community health,NHS / Local partnership,Haringey,N4 1RY,51.58014,–0.09786,,NHS postcode geolocation
Hornsey Rise Health Centre,NCL,Community health,NHS / Local partnership,Haringey,N19 3QJ,51.5746,–0.11809,,NHS postcode geolocation
Northwick Park Hospital,NWL,Acute hospital,London North West University Healthcare NHS Trust,Brent / Harrow,HA1 3UJ,51.57541,–0.32202,,NHS postcode geolocation
Ealing Hospital,NWL,Acute hospital,London North West University Healthcare NHS Trust,Ealing,UB1 3HW,51.52032,–0.32947,,NHS postcode geolocation
Central Middlesex Hospital,NWL,Acute hospital,London North West University Healthcare NHS Trust,Brent / Ealing,NW10 7NS,51.53296,–0.26526,,NHS postcode geolocation
Hillingdon Hospital,NWL,Acute hospital,The Hillingdon Hospitals NHS Foundation Trust,Hillingdon,UB8 3NN,51.53245,–0.47362,,NHS postcode geolocation
Mount Vernon Hospital,NWL,Specialist hospital,The Hillingdon Hospitals NHS Foundation Trust,Hillingdon / Northwood,HA6 2RN,51.62672,–0.39755,,NHS postcode geolocation
Gordon Hospital,NWL,Mental health,Central & NWL NHS Foundation Trust,Westminster,SW1W 8EQ,51.49403,–0.14314,,NHS postcode geolocation
St Charles Hospital (Mental Health),NWL,Mental health,Central & NWL NHS Foundation Trust,Kensington & Chelsea,W10 6DZ,51.51735,–0.20525,,NHS postcode geolocation
Goodmayes Hospital,NEL,Mental health,NEL NHS Foundation Trust,Redbridge,IG3 8XJ,51.55305,0.10544,,NHS postcode geolocation
Newham University Hospital,NEL,Acute hospital,Barts Health NHS Trust,Newham,E13 8SL,51.5287,0.04756,,NHS postcode geolocation
Royal London Hospital (Whitechapel),NEL,Acute hospital,Barts Health NHS Trust,Tower Hamlets,E1 1FR,51.51964,–0.05946,,NHS postcode geolocation
Whipps Cross University Hospital,NEL,Acute hospital,Barts Health NHS Trust,Waltham Forest,E11 1NR,51.57835,0.00873,,NHS postcode geolocation
Homerton University Hospital,NEL,Acute hospital,Homerton University Hospital NHS Foundation Trust,Hackney,E9 6SR,51.54858,–0.04851,,NHS postcode geolocation
Phoenix House (NELFT site),NEL,Community health,NEL NHS Foundation Trust,Redbridge / NEL region,SS14 3EZ,,,,Named site; postcode not found publicly
Foxglove Ward (NELFT),NEL,Mental health,NEL NHS Foundation Trust,NEL region,(unknown),(n/a),(n/a),,NELFT facility; postcode TBD
Redbridge Recovery Hub,NEL,Mental health,NEL NHS Foundation Trust,Redbridge,(unknown),51.55079569,0.074373551,,Named hub referenced online
Lowther Road Community Mental Health Hub,NCL,Mental health,NHS / Local partnership,Islington,(unknown),51.55016752,-0.111191177,,Strategy reference
Highgate East Inpatient Facility,NCL,Mental health,NHS / Local partnership,Camden / Islington,(unknown),51.56672517,-0.141075027,,Strategy reference
FMH Community Diagnostic Centre (CDC),NCL,Community health,NHS / ICB,Barnet / Haringey,(unknown),51.60582951,-0.173024177,,Strategy reference
Edgware Hospital,NCL,Acute hospital,NHS / Planning,Barnet,(unknown),51.60699579,-0.271475429,,Strategy reference
Cressingham Road Clinic (Relocation),NCL,Community health,NHS / Local partnership,Barnet,(unknown),51.60731908,-0.257743988,,Strategy reference
Wood Green Community Diagnostic Centre,NCL,Community health,NHS / ICB,Haringey,(unknown),51.59407427,-0.108951,,Strategy mention
Erith Health Centre,SEL,Community health,,,DA8 1RQ,51.479649,0.180746,,
Downham Health & Leisure Centre,SEL,Community health,,,BR1 5EP,51.426464,0.005986,,
Hunter Street Health Centre,NCL,Community health,,,WC1N 1BN,51.522272,-0.120024,,
Northwood and Pinner Community Hospital,NWL,Acute hospital,,,HA6 1BT,51.613972,-0.422772,,
St Andrews Health Centre,NEL,Community health,,,E3 3FF,51.526863,-0.03679,,
Streatham Hill Healthcare Centre,SEL,Community health,,,SW2 4TP,51.444105,-0.124711,,
Sir Ludwig Guttmann Health and Wellbeing Centre,NEL,Community health,,,E20 1AS,51.542084,-0.008677,,
South Lewisham Health Centre,SEL,Community health,,,SE6 2SP,51.445175,0.025785,,
The Greenwich Centre,SEL,Community health,,,SE10 9GB,51.487788,0.017614,,
Gaumont House (First Floor),SEL,Community health,,,SE15 5SL,51.464278,-0.056552,,
New Brocklebank Health Centre,SWL,Community health,,,SW18 4DU,51.458715,-0.18694,,
Harold Moody Health Centre,SEL,Community health,,,SE17,51.48751779,-0.085423402,,
Wandsworth Bridge Road Health Centre,NWL,Community health,,,SW6 2FE,51.478498,-0.205739,,
Green Wrythe Lane Clinic,SWL,Community health,,,SM5 1JF,51.37456,-0.194045,,
Nelson Health Centre ,SWL,Community health,,,SW20 8DB,51.40124,-0.200689,,
St John's Therapy Centre,SWL,Community health,,,SW11 1SW,51.476068,-0.165526,,
Surbiton Health Centre,SWL,Community health,,,KT6 6EZ,51.394564,-0.291972,,
Whitton Corner H&SC Centre,SWL,Community health,,,TW2 6JL,51.461344,-0.332824,,
New Sleaford St. Health Centre ,SWL,Community health,,,SW8 5AB,51.484057,-0.124797,,
Manor Drive Health Centre,SWL,Community health,,,KT4 7LG,51.361281,-0.28889,,
Balham Health Centre,SWL,Community health,,,SW12 9HS,51.443018,-0.150115,,
East Croydon Medical Centre,SWL,Community health,,,CR0 6SD,51.372149,-0.098682,,
Lichfield Grove Surgery,NCL,Primary care,,,N3 2JP,51.5996,-0.19323,,
Squires Lane Medical Practice,NCL,Primary care,,,N3 2AU,51.6025,-0.174963,,
Heathfielde Medical Centre,NCL,Primary care,,,N2 0EQ,51.585224,-0.179772,,
PHGH Doctors,NCL,Primary care,,,NW11 7TE,51.5811,-0.197831,,
The Everglade Medical Practice,NCL,Primary care,,,NW9 5XT,51.6016,-0.244195,,
The Old Court House Surgery,NCL,Primary care,,,EN5 4BB,51.6529,-0.201577,,
Cornwall House Surgery,NCL,Primary care,,,N12 9SS,51.617,-0.17545,,
Millway Medical Practice,NCL,Primary care,,,NW7 2HX,51.615526,-0.243984,,
Watling Medical Centre,NCL,Primary care,,,HA8 0NR,51.6033,-0.262007,,
St Andrews Medical Practice,NCL,Primary care,,,N20 9EX,51.6301,-0.172365,,
Parkview Surgery,NCL,Primary care,,,HA8 0RW,51.60723,-0.257636,,
Parkview Surgery: Grahame Park Surgery,NCL,Primary care,,,,52.76961,-1.202659,,
The Village Surgery,NCL,Primary care,,,EN4 8RF,51.6482,-0.16829,,
Oak Lodge Medical Centre,NCL,Primary care,,,HA8 0AP,51.6044,-0.2717,,
Colney Hatch Lane Surgery,NCL,Primary care,,,N10 1ET,51.60133,-0.14753,,
Wentworth Medical Practice,NCL,Primary care,,,N3 1YL,51.6077,-0.187909,,
Wentworth Medical Practice: Audley Medical Practice,NCL,Primary care,,,,51.6077,-0.187909,,
Derwent Crescent Medical Centre,NCL,Primary care,,,N20 0QQ,51.622311,-0.17511,,
Addington Medical Centre,NCL,Primary care,,,EN5 1QH,51.649689,-0.176864,,
Friern Barnet Medical Centre,NCL,Primary care,,,N11 3BU,51.613237,-0.156458,,
East Finchley Medical Centre,NCL,Primary care,,,N2 9QD,51.5881,-0.162119,,
Deans Lane Medical Centre,NCL,Primary care,,,HA8 9NT,51.616175,-0.260349,,
Woodlands Medical Practice,NCL,Primary care,,,N2 8BG,51.5933,-0.1706,,
Hendon Way Surgery,NCL,Primary care,,,NW9 7DG,51.578741,-0.241119,,
Fitzrovia Medical Centre,NCL,Primary care,,,W1T 6EU,51.522469,-0.140447,,
Babylon GP at Hand: Drummond Street Surgery,NCL,Primary care,,,,51.5263,-0.140615,,
Park End Surgery,NCL,Primary care,,,NW3 2SE,51.555991,-0.165626,,
Gower Street Practice,NCL,Primary care,,,WC1E 6DP,51.520356,-0.130128,,
Primrose Hill Surgery,NCL,Primary care,,,NW1 8UR,51.5421,-0.156352,,
Hampstead Group Practice,NCL,Primary care,,,NW3 2QU,51.55354,-0.16308,,
Prince of Wales Group Surgery,NCL,Primary care,,,NW5 3LN,51.546535,-0.14698,,
Abbey Medical Centre,NCL,Primary care,,,NW8 0AG,51.5379,-0.185117,,
Adelaide Medical Centre,NCL,Primary care,,,NW3 3RY,51.5436,-0.1614,,
The Regents Park Practice,NCL,Primary care,,,NW1 3RH,51.52933,-0.1418,,
Gray's Inn Road Medical Centre,NCL,Primary care,,,WC1X 8TS,51.5228,-0.1145,,
Ridgmount Practice,NCL,Primary care,,,WC1E 7AA,51.520429,-0.131116,,
Fortune Green Road Surgery,NCL,Primary care,,,NW6 1DS,51.555241,-0.196693,,
Brookfield Park Surgery,NCL,Primary care,,,N19 5BZ,51.563932,-0.143139,,
Parliament Hill Surgery,NCL,Primary care,,,NW5 1TR,51.55532,-0.14556,,
Holborn Medical Centre,NCL,Primary care,,,WC1N 3NA,51.522203,-0.118514,,
Museum Practice,NCL,Primary care,,,WC1B 3BA,51.51828,-0.12536,,
Cholmley Gardens Surgery,NCL,Primary care,,,NW6 1AE,51.552171,-0.195195,,
Keats Group Practice,NCL,Primary care,,,NW3 1NR,51.55488,-0.171719,,
Queens Crescent Practice,NCL,Primary care,,,NW5 4EB,51.5497,-0.151765,,
Daleham Gardens Surgery,NCL,Primary care,,,NW3 5BY,51.54723,-0.17438,,
Kings Cross Surgery,NCL,Primary care,,,NW1 1HY,51.5299,-0.130592,,
Belsize Priory Medical Practice (Group),NCL,Primary care,,,NW6 4BJ,51.5405,-0.185244,,
Swiss Cottage Surgery,NCL,Primary care,,,NW3 3NP,51.542992,-0.172025,,
Camden Health Improvement Practice,NCL,Primary care,,,NW1 2LS,51.5282,-0.138346,,
East Enfield Practice: Brick Lane,NCL,Primary care,,,,51.6573,-0.048597,,
MHP: Southbury Surgery,NCL,Primary care,,,,51.652,-0.0742,,
MHP: Bush Hill Park Medical Centre,NCL,Primary care,,,,52.6336,-1.10437,,
East Enfield Medical Centre,NCL,Primary care,,,EN3 4EZ,51.6462,-0.047096,,
MHP: Carlton House Surgery,NCL,Primary care,,,,53.310016,-1.121541,,
MHP: Hertford Road Surgery,NCL,Primary care,,,,51.6325,-0.054155,,
MHP: Trinity Avenue Surgery,NCL,Primary care,,,,52.665701,0.163931,,
MHP: Willow House Surgery,NCL,Primary care,,,,51.48523,-2.49707,,
Lawrence House Surgery,NCL,Primary care,,,N15 4JR,51.5887,-0.0785,,
Staunton Group Practice,NCL,Primary care,,,N22 8HE,51.59886,-0.11209,,
Tynemouth Medical Practice,NCL,Primary care,,,N15 4RH,51.5863,-0.068317,,
Charlton House Medical Centre,NCL,Primary care,,,N17 6SB,51.5953,-0.069246,,
Bruce Grove Primary Health Care Centre,NCL,Primary care,,,N17 6QB,51.59209,-0.07006,,
Bruce Grove Primary Health Care Centre: Castleview Surgery,NCL,Primary care,,,,51.59209,-0.07006,,
Somerset Gardens Family Health Centre,NCL,Primary care,,,N17 8NW,51.6053,-0.073457,,
Westbury Medical Centre,NCL,Primary care,,,N22 6RX,51.59802,-0.09343,,
Arcadian Gardens Surgery,NCL,Primary care,,,N22 5AB,51.6067,-0.110759,,
Hornsey Park Surgery,NCL,Primary care,,,N8 0PH,51.5893,-0.109217,,
Havergal Surgery,NCL,Primary care,,,N15 3DY,51.5892,-0.102002,,
Christchurch Hall Surgery,NCL,Primary care,,,N8 8AE,51.57759,-0.12498,,
The Muswell Hill Practice,NCL,Primary care,,,N10 3ST,51.591,-0.141107,,
Stuart Crescent Health Centre,NCL,Primary care,,,N22 5NJ,51.60017,-0.110402,,
Stuart Crescent Medical Practice,NCL,Primary care,,,N22 5NJ,51.599877,-0.110565,,
Bounds Green Group Practice,NCL,Primary care,,,N11 2PF,51.6066,-0.126478,,
The 157 Medical Practice,NCL,Primary care,,,N4 3PZ,51.5701,-0.114314,,
Crouch Hall Road Surgery,NCL,Primary care,,,N8 8HJ,51.57943,-0.126265,,
Fernlea Surgery,NCL,Primary care,,,N15 6JR,51.5785,-0.072772,,
Tottenham Health Centre,NCL,Primary care,,,N17 8AH,51.604593,-0.068297,,
Grove Road Surgery,NCL,Primary care,,,N15 5HJ,51.5812,-0.081679,,
Dowsett Road Surgery,NCL,Primary care,,,N17 9QX,51.59489,-0.06573,,
Cheshire Road Surgery,NCL,Primary care,,,N22 8JJ,51.6072,-0.113686,,
West Green Surgery,NCL,Primary care,,,N8 0RA,51.5843,-0.099781,,
The Alexandra Surgery,NCL,Primary care,,,N22 7UN,51.598431,-0.12929,,
Rutland House Surgery,NCL,Primary care,,,N10 1DU,51.595221,-0.144626,,
The Old Surgery,NCL,Primary care,,,N8 0RP,51.58332,-0.09963,,
JS Medical Practice,NCL,Primary care,,,N15 4JR,51.5891,-0.078699,,
JS Medical Practice: Park Lane,NCL,Primary care,,,,51.6023,-0.060199,,
JS Medical Practice: Westbury Avenue Surgery,NCL,Primary care,,,,51.5936,-0.097719,,
Rutland House Surgery: Queens Avenue Practice,NCL,Primary care,,,,50.546013,-3.496969,,
The Vale Practice,NCL,Primary care,,,N8 8SU,51.416,-3.291,,
Bridge House Medical Practice,NCL,Primary care,,,N4 1TL,51.577326,-0.099145,,
Tottenham Hale Medical Practice,NCL,Primary care,,,N17 9QX,51.589455,-0.065154,,
Ritchie Street Group Practice,NCL,Primary care,,,N1 0DG,51.534769,-0.108189,,
The Miller Practice,NCL,Primary care,,,N5 2ET,51.5514,-0.092151,,
The Northern Medical Centre,NCL,Primary care,,,N7 8GG,51.5511,-0.115531,,
City Road Medical Centre,NCL,Primary care,,,EC1V 2QH,51.5279,-0.091101,,
Amwell Group Practice,NCL,Primary care,,,WC1X 0GB,51.528181,-0.110409,,
Andover Medical Centre,NCL,Primary care,,,N7 7EP,51.5618,-0.116446,,
Medicus Select Care,NCL,Primary care,,,N1 0AL,51.6625,-0.076758,,
Halbutt Street Surgery,NEL,Primary care,,,RM9 5AS,51.547,0.146756,,
Church Elm Lane Medical Centre,NEL,Primary care,,,RM10 9RR,51.540123,0.154803,,
North Street Medical Care: Chadwell Heath Health Centre,NEL,Primary care,,,,58.592972,-3.520102,,
Five Elms Medical Practice,NEL,Primary care,,,RM9 5TT,51.553663,0.142778,,
Hedgemans Surgery,NEL,Primary care,,,RM9 6HT,51.53986,0.142662,,
Chadwell Heath Health Centre (Dr Hamilton-Smith),NEL,Primary care,,,RM6 6RT,51.5678,0.1231,,
Dewey Practice (Dr Christopher),NEL,Primary care,,,RM10 7YU,51.545105,0.160077,,
Tulasi Medical Centre,NEL,Primary care,,,RM8 3XU,51.561,0.124504,,
Green Lane Surgery,NEL,Primary care,,,RM8 1BX,51.5616,0.130886,,
Dr A Moghal's Practice,NEL,Primary care,,,RM8 3HP,51.5514,0.115358,,
Ashton Gardens Surgery,NEL,Primary care,,,RM6 6RT,51.5737,0.14012,,
The Surgery (Dr A Arif),NEL,Primary care,,,RM8 2AJ,51.5514,0.115358,,
The Oval Practice,NEL,Primary care,,,RM10 7YU,51.551469,0.158881,,
Porters Avenue Surgery: Child and Family Health Centre,NEL,Primary care,,,,51.53563,0.07925,,
Beechwood Medical Centre,NEL,Primary care,,,E8 3AH,51.5461,-0.070581,,
Queensbridge Group Practice,NEL,Primary care,,,E8 3XP,51.5415,-0.071469,,
The Wick Health Centre: Median Road Surgery,NEL,Primary care,,,,51.547423,-0.037386,,
Barretts Grove Surgery,NEL,Primary care,,,N16 8AR,51.552198,-0.07827,,
Cranham Village Surgery,NEL,Primary care,,,RM14 1BJ,51.56269,0.26573,,
Harold Hill Health Centre,NEL,Primary care,,,RM3 9SU,51.6063,0.2253,,
Central Park Surgery,NEL,Primary care,,,RM3 9SU,51.6063,0.2253,,
South Hornchurch Medical Practice,NEL,Primary care,,,RM13 7XJ,51.5312,0.191157,,
Abbamoor Surgery,NEL,Primary care,,,RM3 9SU,51.603293,0.228285,,
Avon Road Surgery,NEL,Primary care,,,RM14 1RG,51.56892,0.265951,,
The Robins Surgery,NEL,Primary care,,,RM3 9SU,51.603293,0.228285,,
St. Bartholomew's Surgery,NEL,Primary care,,,E6 1FL,51.531968,0.053146,,
Tollgate Medical Centre,NEL,Primary care,,,E6 5JS,51.5156,0.056376,,
East End Medical Centre,NEL,Primary care,,,E13 0QA,51.53733,0.02569,,
Newham Transitional Practice,NEL,Primary care,,,E12 6AQ,51.5478,0.053847,,
AT Medics: Carpenters Practice,NEL,Primary care,,,E15 2JA,51.53733,-0.0034,,
AT Medics: St. Luke's Practice,NEL,Primary care,,,,51.5119,0.01361,,
Cumberland Medical Centre,NEL,Primary care,,,,51.518571,0.025656,,
Chigwell Medical Centre,NEL,Primary care,,,IG6 2TA,51.6055,0.083891,,
Ilford Medical Centre Branch,NEL,Primary care,,,,51.55654,0.07441,,
Mathukia's Surgery Branch,NEL,Primary care,,,,51.5498,0.07537,,
GP at Hand - Cabot Place,NEL,Primary care,,,,51.5051,-0.020943,,
Goodman's Fields Health Centre,NEL,Primary care,,,E1 8ZF,51.513375,-0.068868,,
Suttons Wharf Health Centre,NEL,Primary care,,,E2 0FA,51.5292,-0.041827,,
Roserton Street Surgery,NEL,Primary care,,,E14 3PG,51.498493,-0.010051,,
Docklands Medical Centre,NEL,Primary care,,,E14 9WU,51.4912,-0.021129,,
Tredegar Practice,NEL,Primary care,,,E3 5JD,51.53131,-0.03183,,
Island Health,NEL,Primary care,,,E14 3BQ,51.497104,-0.012954,,
City Square Medical Group: Cable Street,NEL,Primary care,,,,51.51141,-0.04898,,
Wood Street Health Centre,NEL,Primary care,,,E17 3LA,51.587882,-0.003295,,
The Bailey Practice,NEL,Primary care,,,E17 9LY,51.5832,-0.009036,,
Forty Willows Surgery,NWL,Primary care,,,HA9 9HA,51.565534,-0.271695,,
Uxendon Crescent Surgery,NWL,Primary care,,,HA9 9TW,51.572598,-0.293845,,
Church End Medical Centre,NWL,Primary care,,,NW10 9HP,51.54797,-0.25339,,
Sudbury & Alperton Medical Centre: Watford Road Surgery,NWL,Primary care,,,,51.5369,-0.298032,,
Jai Medical Centre,NWL,Primary care,,,HA8 5LP,51.5982,-0.270706,,
Jai Medical Centre: The Sheldon Practice,NWL,Primary care,,,,52.4605,-1.77766,,
Lonsdale Medical Group: Blessing Medical Centre,NWL,Primary care,,,,51.533083,-0.205141,,
Kilburn Park Medical Centre,NWL,Primary care,,,NW6 5HB,51.5326,-0.199357,,
Staverton Surgery,NWL,Primary care,,,NW2 5HA,51.5444,-0.22596,,
Roundwood Park Medical Centre,NWL,Primary care,,,NW10 3RY,51.5428,-0.235512,,
St. Georges Medical Centre,NWL,Primary care,,,NW2 6JH,51.5587,-0.246106,,
Wembley Park Drive Medical Centre,NWL,Primary care,,,HA9 0GL,51.560304,-0.282183,,
Brondesbury Medical Centre,NWL,Primary care,,,NW6 7JQ,51.543498,-0.200152,,
Burnley Practice,NWL,Primary care,,,NW10 3RY,51.5428,-0.235512,,
Victoria Medical Centre,NWL,Primary care,,,SW1V 1SN,51.49274,-0.13887,,
Victoria Medical Centre: Lees Place Medical Centre,NWL,Primary care,,,,51.512092,-0.154424,,
Little Venice Medical Centre,NWL,Primary care,,,W2 1ND,51.52389,-0.176447,,
Shirland Road Medical Centre,NWL,Primary care,,,W10 4LD,51.5306,-0.207627,,
The Randolph Surgery,NWL,Primary care,,,W9 1NH,51.53,-0.1864,,
Crompton Medical Centre,NWL,Primary care,,,W2 1ND,51.52389,-0.176447,,
Newton Medical Centre,NWL,Primary care,,,W2 5LT,51.516314,-0.190718,,
Palace Gate Practice,NWL,Primary care,,,SW1P 3PB,51.495529,-0.190301,,
Cavendish Health Centre,NWL,Primary care,,,NW1 5JD,51.51932,-0.14811,,
Wellington Health Centre,NWL,Primary care,,,NW8 9SP,51.5323,-0.17127,,
Queens Park Health Centre,NWL,Primary care,,,W10 4LD,51.530549,-0.206471,,
St Philips Medical Centre,NWL,Primary care,,,WC2A 2AZ,51.51371,-0.115101,,
Babylon GP at Hand: Heron House Surgery,NWL,Primary care,,,,51.4993,-0.131847,,
The Allendale Road Surgery,NWL,Primary care,,,UB6 0RA,51.551,-0.3207,,
Waterside Medical Centre,NWL,Primary care,,,UB2 4XQ,51.5022,-0.3637,,
Belmont Medical Centre,NWL,Primary care,,,UB2 5DU,51.5009,-0.385189,,
Chiswick Family Practice,NWL,Primary care,,,W3 8TF,51.501703,-0.272741,,
Elmbank Surgery,NWL,Primary care,,,W7 3DD,51.52532,-0.3418,,
Brunswick Surgery,NWL,Primary care,,,W5 1AQ,51.52947,-0.30281,,
Islip Manor Medical Centre,NWL,Primary care,,,UB5 5RG,51.5473,-0.373001,,
The Mill Hill Surgery,NWL,Primary care,,,W3 8QH,51.5052,-0.274431,,
The Argyle Surgery: Cuckoo Lane Surgery,NWL,Primary care,,,,51.51975,-0.32251,,
The Guru Nanak Medical Centre,NWL,Primary care,,,UB1 1EQ,51.5123,-0.387,,
Chiswick Family Practice,NWL,Primary care,,,W3 8TF,51.501703,-0.272741,,
Somerset Medical Centre,NWL,Primary care,,,UB5 6WL,51.5315,-0.376246,,
Parkview Health Centre: West End Road Surgery,NWL,Primary care,,,,52.4356,-1.46418,,
The Churchfield Road Surgery,NWL,Primary care,,,W3 6DL,51.508471,-0.2676,,
Cloister Road Surgery,NWL,Primary care,,,W3 0DF,51.5214,-0.265575,,
Dormers Wells Medical Centre,NWL,Primary care,,,UB1 2LU,51.515419,-0.364263,,
Goodcare Practice,NWL,Primary care,,,UB5 6WL,51.5315,-0.376246,,
The Pitshanger Lane Surgery,NWL,Primary care,,,W5 1RQ,51.526169,-0.313272,,
Broadmead Surgery,NWL,Primary care,,,UB5 6WL,51.5315,-0.376246,,
The Allendale Road Surgery,NWL,Primary care,,,UB6 0RA,51.551,-0.3207,,
Waterside Medical Centre,NWL,Primary care,,,UB2 4XQ,51.5022,-0.3637,,
Chiswick Family Practice,NWL,Primary care,,,W3 8TF,51.501703,-0.272741,,
Elmbank Surgery,NWL,Primary care,,,W7 3DD,51.52532,-0.3418,,
Brunswick Surgery,NWL,Primary care,,,W5 1AQ,51.52947,-0.30281,,
Islip Manor Medical Centre,NWL,Primary care,,,UB5 5RG,51.5473,-0.373001,,
Lady Margaret Road Medical Centre,NWL,Primary care,,,UB1 2PH,51.5132,-0.375773,,
The Mill Hill Surgery,NWL,Primary care,,,W3 8QH,51.5052,-0.274431,,
Perivale Medical Clinic,NWL,Primary care,,,UB6 8HX,51.5351,-0.333915,,
The Cuckoo Lane Practice,NWL,Primary care,,,W7 1DR,51.515179,-0.338022,,
The Argyle Surgery: Cuckoo Lane Surgery,NWL,Primary care,,,,51.51975,-0.32251,,
Chiswick Family Practice,NWL,Primary care,,,W3 8TF,51.501703,-0.272741,,
Somerset Medical Centre,NWL,Primary care,,,UB5 6WL,51.5315,-0.376246,,
Parkview Health Centre: West End Road Surgery,NWL,Primary care,,,,52.4356,-1.46418,,
Southall Medical Centre,NWL,Primary care,,,UB1 2PT,51.52133,-0.36929,,
Southall Medical Centre: Norwood Road Surgery,NWL,Primary care,,,,51.4987,-0.379805,,
The Churchfield Road Surgery,NWL,Primary care,,,W3 6DL,51.508471,-0.2676,,
Sunrise Medical Centre,NWL,Primary care,,,UB1 1HS,51.51124,-0.382121,,
Cloister Road Surgery,NWL,Primary care,,,W3 0DF,51.5214,-0.265575,,
Dormers Wells Medical Centre,NWL,Primary care,,,UB1 2LU,51.515419,-0.364263,,
The Boileau Road Surgery,NWL,Primary care,,,W5 3AJ,51.5194,-0.286822,,
Goodcare Practice,NWL,Primary care,,,UB5 6WL,51.5315,-0.376246,,
The Pitshanger Lane Surgery,NWL,Primary care,,,W5 1RQ,51.526169,-0.313272,,
Broadmead Surgery,NWL,Primary care,,,UB5 6WL,51.5315,-0.376246,,
The Avenue Surgery,NWL,Primary care,,,UB1 1PZ,51.5125,-0.378089,,
Watling Medical Centre: London Road Surgery,NWL,Primary care,,,,51.6213,-0.296929,,
Simpson House Medical Centre,NWL,Primary care,,,HA2 8RS,51.5617,-0.372417,,
Hatch End Medical Centre,NWL,Primary care,,,HA5 4RD,51.6062,-0.377062,,
Lanfranc Medical Centre,NWL,Primary care,,,HA1 3QE,51.561454,-0.332748,,
Kings Road Surgery: Eastcote Surgery,NWL,Primary care,,,,51.581,-0.399872,,
The Guru Nanak Medical Centre: Botwell Medical Centre,NWL,Primary care,,,,51.5123,-0.387,,
Hayes Medical Centre,NWL,Primary care,,,UB3 4NA,51.501499,-0.422679,,
The Warren Practice,NWL,Primary care,,,UB4 0SG,51.519471,-0.409814,,
Brunel Medical Centre,NWL,Primary care,,,UB8 3PH,51.531816,-0.472328,,
First Care Practice,NWL,Primary care,,,UB10 9QF,52.4574,-1.88805,,
Heathrow Medical Centre,NWL,Primary care,,,UB3 5AB,51.49197,-0.43494,,
Carlton Surgery,NWL,Primary care,,,TW14 0AX,51.4533,-0.404583,,
Pentelow Practice,NWL,Primary care,,,TW14 9EF,51.456651,-0.416583,,
Jersey Practice,NWL,Primary care,,,TW5 9ER,51.484,-0.382372,,
Grove Village Medical Centre,NWL,Primary care,,,TW14 8SN,51.44904,-0.43132,,
Gill Medical Practice,NWL,Primary care,,,TW14 0AB,51.4515,-0.404907,,
Hounslow Family Practice,NWL,Primary care,,,TW3 4JX,51.4729,-0.366593,,
HMC Health,NWL,Primary care,,,TW5 9ER,51.484,-0.382372,,
HMC Health: The Great West Surgery,NWL,Primary care,,,,51.484,-0.382372,,
Argyle Health Isleworth Practice,NWL,Primary care,,,TW7 7DJ,51.4678,-0.328737,,
The Practice Heart of Hounslow,NWL,Primary care,,,TW3 3LN,58.993998,-3.208118,,
Health Partners at Violet Melchett,NWL,Primary care,,,SW3 5RR,51.486892,-0.166712,,
Westbourne Grove Medical Centre,NWL,Primary care,,,W11 2SE,51.514489,-0.199545,,
Holland Park Surgery,NWL,Primary care,,,W8 7RX,51.5014,-0.194421,,
Earls Court Medical Centre,NWL,Primary care,,,SW5 9AD,51.4918,-0.192684,,
The Notting Hill Medical Centre,NWL,Primary care,,,W11 2EH,51.51504,-0.20676,,
Colville Health Centre,NWL,Primary care,,,W11 1PA,51.515864,-0.206178,,
Royal Hospital Chelsea,NWL,Primary care,,,SW3 4SR,51.486889,-0.159127,,
The Golborne Medical Centre,NWL,Primary care,,,W10 5PE,51.524,-0.2067,,
Earls Court Surgery,NWL,Primary care,,,SW5 9JA,51.4887,-0.191883,,
Portobello Medical Centre,NWL,Primary care,,,W11 2EH,51.51504,-0.20676,,
Earls Court Health and Wellbeing,NWL,Primary care,,,SW5 0PT,51.49251,-0.1927,,
Welling Medical Practice,SEL,Primary care,,,DA16 2AT,51.460819,0.107985,,
Bexley Group Practice,SEL,Primary care,,,DA16 3HQ,51.4658,0.10967,,
Bexley Group Practice: Station Road Surgery,SEL,Primary care,,,,51.491502,0.151673,,
Summercroft Surgery,SEL,Primary care,,,BR6 7AR,51.367678,0.059419,,
Elm House Surgery,SEL,Primary care,,,BR3 3FD,51.4049,-0.032707,,
Bromleag Care Practice,SEL,Primary care,,,BR3 1DU,51.409624,-0.026672,,
Royal Arsenal Medical Centre,SEL,Primary care,,,SE18 6TE,51.492373,0.073485,,
Plumstead Health Centre,SEL,Primary care,,,SE18 1BB,51.485326,0.091967,,
Welling Medical Practice: Holly House Surgery,SEL,Primary care,,,,51.29691,-0.32973,,
Triveni PMS: Plumstead Common Road Surgery,SEL,Primary care,,,,51.481999,0.070639,,
Kidbrooke Village Medical Centre,SEL,Primary care,,,,51.4611,0.027195,,
Burney Street Practice: Wallace Centre,SEL,Primary care,,,,51.47917,-0.008422,,
Bannockburn Surgery,SEL,Primary care,,,SE18 1ES,51.488187,0.094565,,
Elmstead Medical Clinic: Campus Surgery,SEL,Primary care,,,,51.43112,0.05834,,
Plumstead Health Centre: Trinity Medical Centre,SEL,Primary care,,,,51.4788,0.085829,,
AT Medics: Thamesmead Medical Centre,SEL,Primary care,,,SE28 0NY,51.4985,0.090286,,
AT Medics: Streatham High Practice,SEL,Primary care,,,SW16 2ST,51.432572,-0.127879,,
Clapham Family Practice: Manor Health Centre,SEL,Primary care,,,,51.397275,-0.1036,,
Lambeth Walk Group Practice,SEL,Primary care,,,SW9 6AF,51.4757,-0.10519,,
The South Lambeth Road Practice,SEL,Primary care,,,SW8 1UL,51.4766,-0.123659,,
Beckett House Practice,SEL,Primary care,,,SW9 9DL,51.4695,-0.123532,,
Minet Green Health Practice,SEL,Primary care,,,SW9 6AF,51.47569,-0.105249,,
Waterloo Health Centre,SEL,Primary care,,,SE1 7AE,51.5005,-0.113757,,
The Exchange Surgery,SEL,Primary care,,,SW16 2ST,51.4326,-0.12793,,
Akerman Medical Practice,SEL,Primary care,,,SW9 6AF,51.47569,-0.105249,,
Dr Curran & Partners,SEL,Primary care,,,SW4 6EB,51.46543,-0.13621,,
Lambeth Healthcare Practice,SEL,Primary care,,,SE23 1RJ,51.443248,-0.039744,,
Lewisham Care Partnership: Morden Hill Surgery,SEL,Primary care,,,,51.46912,-0.012227,,
AT Medics: QRP Surgery,SEL,Primary care,,,SE14 5HD,51.4743,-0.0472,,
Grove Medical Centre,SEL,Primary care,,,SE8 3QH,51.4903,-0.035213,,
Vesta Road Surgery,SEL,Primary care,,,SE4 2NH,51.4687,-0.04063,,
Lewisham Care Partnership: Belmont Hill Surgery,SEL,Primary care,,,,51.4626,-0.004427,,
Lewisham Care Partnership: Honor Oak Health Centre,SEL,Primary care,,,,51.45708,-0.02499,,
The Jenner Practice: Bellingham Green Surgery,SEL,Primary care,,,,53.9804,-1.15343,,
The Jenner Practice: South Lewisham Health Centre,SEL,Primary care,,,,53.5291,-1.46017,,
Lewisham Care Partnership: Hilly Fields Medical Centre,SEL,Primary care,,,,51.45708,-0.02499,,
Falmouth Road Group Practice,SEL,Primary care,,,SE1 4JW,51.4967,-0.093283,,
Nexus Health Group: Artesian Health Centre,SEL,Primary care,,,,51.494099,-0.075002,,
AT Medics: Silverlock Medical Centre,SEL,Primary care,,,SE16 3HA,51.48597,-0.06334,,
The Lordship Lane Surgery,SEL,Primary care,,,SE22 8JN,51.448393,-0.073372,,
Qhs GP Care Home Service,SEL,Primary care,,,SE16 4BL,51.497,-0.069139,,
Farley Road Medical Practice,SWL,Primary care,,,CR2 7NG,51.348542,-0.067855,,
The Farley Road Surgery: Holmbury Grove Surgery,SWL,Primary care,,,,51.5298,-0.03886,,
Addiscombe Road Surgery,SWL,Primary care,,,CR0 6JJ,51.3806,-0.086054,,
North Croydon Medical Centre,SWL,Primary care,,,CR7 7HQ,51.3883,-0.111174,,
St James Medical Centre,SWL,Primary care,,,CR0 2BZ,51.3818,-0.09309,,
St. James's Medical Centre: Castle Hill Avenue Surgery,SWL,Primary care,,,,51.3484,-0.021299,,
Queenhill Medical Practice,SWL,Primary care,,,CR2 8DU,51.34534,-0.06584,,
Parkside Group Practice,SWL,Primary care,,,CR2 6EX,51.351,-0.097761,,
Eversley Medical Practice,SWL,Primary care,,,CR7 6AR,51.3881,-0.1118,,
London Road Medical Practice,SWL,Primary care,,,CR7 6AR,51.3885,-0.111899,,
Auckland Surgery,SWL,Primary care,,,SE19 2DF,51.409548,-0.080911,,
Shirley Medical Centre: Wickham Road Surgery,SWL,Primary care,,,,51.37541,-0.04355,,
Thornton Road & Valley Park Surgery: Valley Park Surgery,SWL,Primary care,,,,51.388031,-0.12075,,
Brigstock Family Practice,SWL,Primary care,,,CR7 7JH,51.397275,-0.1036,,
Selhurst Medical Centre,SWL,Primary care,,,SE25 5QA,51.3896,-0.0891,,
Keston Medical Practice: The Moorings Medical Practice,SWL,Primary care,,,,51.3222,-0.095878,,
Selsdon Park Medical Practice: Mitchley Avenue Surgery,SWL,Primary care,,,,51.3424,-0.064559,,
Edridge Road Community Health Centre,SWL,Primary care,,,CR0 1FE,51.3705,-0.0987,,
Fairhill Medical Practice: Kingston University,SWL,Primary care,,,,51.4075,-0.29873,,
Roselawn Surgery,SWL,Primary care,,,KT3 6AA,51.39796,-0.25577,,
Wimbledon Village Surgery,SWL,Primary care,,,SW19 5BY,51.425,-0.219644,,
Riverhouse Medical Practice,SWL,Primary care,,,SW19 1YG,51.4209,-0.183543,,
Colliers Wood Surgery,SWL,Primary care,,,SW19 2BY,51.42076,-0.17584,,
Colliers Wood Surgery: Lavender Fields Surgery,SWL,Primary care,,,,51.42076,-0.17584,,
Alexandra Road Surgery,SWL,Primary care,,,SW19 7JZ,51.4235,-0.2046,,
Faccini House Surgery,SWL,Primary care,,,SM4 6RT,51.389717,-0.189998,,
Twickenham Park Medical Centre,SWL,Primary care,,,TW13 6HD,51.43705,-0.37272,,
York Medical Practice: St. Mary's College,SWL,Primary care,,,,51.4362,-0.335892,,
Hampton Medical Centre,SWL,Primary care,,,TW12 2PB,51.418476,-0.372592,,
Staines Road Medical Centre,SWL,Primary care,,,TW2 5AU,51.440216,-0.356848,,
Hampton Hill Medical Centre,SWL,Primary care,,,TW12 1NY,51.427724,-0.354911,,
Glebe Road Surgery,SWL,Primary care,,,SW13 0DR,51.473951,-0.242733,,
Twickenham Park Medical Centre,SWL,Primary care,,,TW13 6HD,51.43705,-0.37272,,
York Medical Practice: St. Mary's College,SWL,Primary care,,,,51.4362,-0.335892,,
Hampton Medical Centre,SWL,Primary care,,,TW12 2PB,51.418476,-0.372592,,
Staines Road Medical Centre,SWL,Primary care,,,TW2 5AU,51.440216,-0.356848,,
Hampton Hill Medical Centre,SWL,Primary care,,,TW12 1NY,51.427724,-0.354911,,
Glebe Road Surgery,SWL,Primary care,,,SW13 0DR,51.473951,-0.242733,,
Roehampton Lane Surgery: Ashburton Medical Practice,SWL,Primary care,,,,54.704,-1.22342,,
Putneymead Group Medical Practice: Student Medical Centre,SWL,Primary care,,,,51.461703,-0.220303,,
Elborough Street Surgery,SWL,Primary care,,,SW18 5DS,51.442067,-0.201302,,
Haider Practice,SWL,Primary care,,,SW11 1SW,51.46,-0.179402,,
Triangle Surgery,SWL,Primary care,,,SW18 4HX,51.456705,-0.1983,,
St Johns Hill Surgery,SWL,Primary care,,,SW11 1SW,51.459692,-0.179587,,
Tooting South Medical Centre,SWL,Primary care,,,SW17 9HQ,51.42209,-0.16162,,
Chartfield Surgery,SWL,Primary care,,,SW15 6HG,51.4573,-0.226388,,
Akerman Health Centre,,Void,,,B3,52.485345,-1.907664,,
Alexandra Avenue Health & Social Care Centre,,Void,,,NG1,52.954309,-1.149257,,
Baldry Gardens Primary Care Centre,,Void,,,DG7,54.94967,-3.92243,,
Beaumont House,,Void,,,PH1,56.396192,-3.429602,,
Beckenham Beacon,,Void,,,BR3,51.40505,-0.03317,,
Bingfield Primary Care Centre,,Void,,,CF40,51.6368,-3.4501,,
Chadwell Heath Health Centre,,Void,,,RM8,51.56709,0.13349,,
Child and Family Health Centre,,Void,,,NR2,52.63835,1.26998,,
Church Elm Lane Health Centre,,Void,,,RM10,51.5401,0.1574,,
Cloister Road Surgery,,Void,,,W3,51.5214,-0.265575,,
Comely Bank Clinic,,Void,,,EH4,55.95924,-3.21875,,
Cranham Health Centre,,Void,,,RM14,51.5504,0.2435,,
East Ham Care Centre,,Void,,,E7,51.540929,0.043298,,
Eltham Community Hospital,,Void,,,SE9,51.44932,0.05364,,
Evergreen Primary Care Centre,,Void,,,N9,51.6241,-0.060124,,
Finchley Memorial Hospital,,Void,,,N12,51.605441,-0.176497,,
Forest Road Health Centre,,Void,,,E7,51.5514,0.0249,,
Garland Road Health Centre,,Void,,,BB2,53.7306,-2.50626,,
Gracefield Gardens Health and Social Care Centre,,Void,,,N9,51.62464,-0.054949,,
Grand Union Village,,Void,,,UB5,51.531475,-0.376122,,
Green Wrythe Lane Clinic,,Void,,,SM5,51.384889,-0.175008,,
Hackney Ark,,Void,,,N16,51.55765,-0.07415,,
Hainault Health Centre,,Void,,,IG7,51.6082,0.1033,,
Hanley Road Primary Care Centre,,Void,,,N4,51.56859,-0.11952,,
Harold Hill Health Centre,,Void,,,RM3,51.6063,0.2253,,
Heart of Hounslow Health Centre,,Void,,,DG7,54.942509,-3.926795,,
Holloway Community Health Centre,,Void,,,HX2,53.743433,-1.881867,,
Hornsey Neighbourhood Health Centre,,Void,,,N8,51.584089,-0.131068,,
Jubilee Gardens Primary Care Centre,,Void,,,DG7,54.94967,-3.92243,,
Kentish Town Health Centre,,Void,,,NW5,51.560984,-0.149527,,
Kenworthy Road Health Centre,,Void,,,E9,51.547423,-0.037386,,
Lakeside Health Centre,,Void,,,B3,52.485345,-1.907664,,
Lordship Lane Health Centre,,Void,,,N22,51.59772,-0.10745,,
Marks Gate Health Centre,,Void,,,RM6,51.5846,0.137053,,
Monks Park Primary Care Centres,,Void,,,NE34,54.9713,-1.41531,,
Nelson Health Centre,,Void,,,NE29,55.0091,-1.45106,,
Newby Place Health and Wellbeing Centre,,Void,,,E14,51.51086,-0.01269,,
Parkview Centre for Health and Wellbeing,,Void,,,W12,51.510882,-0.235209,,
Partnership Primary Care Centre,,Void,,,N7,51.55406,-0.12237,,
Porters Avenue Health Centre,,Void,,,RM9,51.55362,0.14027,,
South Hornchurch Health Centre,,Void,,,RM13,51.533215,0.19126,,
Southwark Child Development Centre,,Void,,,BH15,50.7205,-1.9743,,
St Johns Therapy Centre,,Void,,,SW11,51.45994,-0.17924,,
Sudbury Primary Care Centre,,Void,,,HA0,51.558695,-0.316765,,
Surbiton Health Centre,,Void,,,KT10,51.361282,-0.347174,,
Tessa Jowell Health Centre,,Void,,,S70,53.528901,-1.460598,,
Thames View Health Centre,,Void,,,EN7,51.7104,-0.08596,,
The Barkantine Centre,,Void,,,E14,51.497279,-0.025228,,
The Boleyn Medical Centre,,Void,,,E6,51.5311,0.044184,,
The Broad Street Centre,,Void,,,HR9,51.915434,-2.58225,,
The Centre Manor Park,,Void,,,E12,51.5478,0.053753,,
The Lodge,,Void,,,HX7,53.7585,-2.0188,,
The Nightingale Practice,,Void,,,E5,51.5583,-0.06242,,
Vale Drive Clinic,,Void,,,EN5,51.648831,-0.194702,,
Vicarage Lane Health Centre,,Void,,,E15,51.54169,0.00965,,
Waldron Health Centre,,Void,,,SE14,51.477098,-0.032019,,
Wandsworth Bridge Road Health Centre,,Void,,,FK9,56.15445,-3.94631,,
Whitton Corner Health & Social Care Centre,,Void,,,N9,51.62464,-0.054949,,
Wood Street Health Centre,,Void,,,E17,51.587882,-0.003295,,
Abingdon Health Centre,,Void,,,W8,51.4963,-0.19717,,
Albion Yard (Unit 1 & 2),,Void,,,CB3,52.211974,0.11145,,
Balham Health Centre,,Void,,,SW12,51.4408,-0.149052,,
Bethnal Green Health Centre,,Void,,,E2,51.52694,-0.06425,,
Brentford Health Centre,,Void,,,TW8,51.494473,-0.320349,,
Bridge Lane Health Centre,,Void,,,CA11,54.6569,-2.7446,,
Broadwater Farm Health Centre,,Void,,,WS3,52.628,-1.99807,,
Brocklebank Health Centre,,Void,,,B3,52.485345,-1.907664,,
Bromley by Bow Health Centre,,Void,,,E3,51.5269,-0.013,,
Chalkhill Primary Care Centre,,Void,,,CF40,51.6368,-3.4501,,
Ching Way Health Centre,,Void,,,SM3,51.359387,-0.216645,,
Church Road Clinic,,Void,,,BR2,51.40545,0.01293,,
Clapham Manor Health Centre,,Void,,,CH45,53.4211,-3.04448,,
Downham Health & Leisure Centre,,Void,,,BR1,51.4261,0.0123,,
Earl's Court Health & Wellbeing Centre,,Void,,,SW5,51.490093,-0.19614,,
East Ham Memorial Hospital,,Void,,,W1U,51.52055,-0.15206,,
Edgware Community Hospital - Main Building,,Void,,,HA8,51.605966,-0.27171,,
Edgware Community Hospital - Westgate House,,Void,,,HA8,51.605966,-0.27171,,
Erith Health Centre,,Void,,,DA8,51.47967,0.180725,,
Feltham Centre for Health,,Void,,,B15,52.471759,-1.915332,,
Forest Road Medical Centre,,Void,,,IG10,51.643702,0.053404,,
Gallions Reach Health Centre,,Void,,,E6,51.51574,0.07821,,
Gill Street Health Centre,,Void,,,LS10,53.779937,-1.526604,,
Gosbury Hill Clinic,,Void,,,KT9,51.368603,-0.301645,,
Greenwich Peninsula Health Centre,,Void,,,SE10,51.494474,0.013374,,
Hallfield Clinic,,Void,,,BD1,53.798712,-1.759756,,
Harefield Health Centre,,Void,,,SO18,50.915412,-1.354541,,
Harold Wood Polyclinic,,Void,,,RM3,51.59238,0.22358,,
Hesa Primary Care Centre,,Void,,,UB3,51.50564,-0.41958,,
Heston Health Centre,,Void,,,TR13,50.100753,-5.271636,,
Hillside Primary Care Centre,,Void,,,CF40,51.6368,-3.4501,,
Impact House,,Void,,,HX4,53.6896,-1.8557,,
Jenner Health Centre,,Void,,,PE7,52.5544,-0.129817,,
John Scott Health Centre,,Void,,,GU21,51.31186,-0.59794,,
Jubilee Health Centre,,Void,,,WS10,52.5515,-2.0196,,
Kensington Park Medical Centre,,Void,,,W14,51.49669,-0.20774,,
Kenwood Gardens,,Void,,,SY3,52.706465,-2.780531,,
Laurels Healthy Living Centre,,Void,,,PE1,52.5843,-0.2422,,
Lord Lister Health Centre,,Void,,,E7,51.5514,0.0249,,
Lower Clapton Health Centre,,Void,,,WS3,52.628,-1.99807,,
Loxford Polyclinic,,Void,,,IG1,51.545992,0.076914,,
Madinah Road Block H,,Void,,,E3,51.537266,-0.022336,,
Maida Vale Medical Centre,,Void,,,W9,51.5284,-0.188782,,
Martin House,,Void,,,SG1,51.919681,-0.179708,,
Milson Road Health Centre,,Void,,,W14,51.500057,-0.216669,,
Morden Road Clinic,,Void,,,IV2,57.454659,-4.232667,,
Newbury Park Health Centre,,Void,,,RG14,51.40526,-1.32202,,
Norbury Health Centre,,Void,,,SW16,51.4043,-0.12,,
Northwood Health Centre,,Void,,,B3,52.485345,-1.907664,,
Oliver Road Polyclinic,,Void,,,,51.735011,-1.202417,,
Oxlow Lane Health Centre,,Void,,,WV10,52.61246,-2.101245,,
Peckwater Street Car Park,,Void,,,DY7,52.44904,-2.22884,,
Queen Marys University Hospital - PFI,,Void,,,E1,51.523275,-0.04123,,
Ruston Street Clinic,,Void,,,E3,51.53621,-0.02785,,
Scarsdale Medical Centre,,Void,,,W8,51.499386,-0.191749,,
Seven Kings Health Centre,,Void,,,SN25,51.59987,-1.78258,,
Shrewsbury Health Centre,,Void,,,SY3,52.6964,-2.7768,,
Silverthorn Centre,,Void,,,SE1,51.505958,-0.117182,,
Sir Ludwig Guttmann Health and Wellbeing Centre,,Void,,,E20,51.54854,-0.00512,,
Somerford Grove Health Centre,,Void,,,DD5,56.468661,-2.883039,,
South Lewisham Health Centre,,Void,,,SE6,51.429835,-0.013423,,
South Westminster Ctr for Health,,Void,,,SW1P,51.494436,-0.134107,,
St Andrews Health Centre,,Void,,,E3,51.523869,-0.014925,,
St Charles Hospital - Kellfield House - New Chapel,,Void,,,W10,51.5216,-0.2176,,
St Charles Hospital - Main Building,,Void,,,W10,51.5222,-0.2176,,
St John's Health Centre (LDN),,Void,,,GU21,51.31186,-0.59794,,
St Leonards Hospital Blocks A-E,,Void,,,TN37,50.866834,0.556099,,
Stamford Brook Centre,,Void,,,ST17,52.785,-2.1173,,
The Isleworth Centre,,Void,,,TW7,51.4759,-0.3433,,
The Meadows Centre for Health,,Void,,,TW4,51.4733,-0.4007,,
Thornton Heath Health Centre,,Void,,,CR7,51.388136,-0.109213,,
Tooting Bec Medical Centre,,Void,,,SW17,51.4316,-0.151269,,
Torrington Park Health Centre,,Void,,,PL7,50.3855,-4.0487,,
Tudor Lodge Health Centre,,Void,,,SW19,51.446,-0.219661,,
Vicarage Fields Health Centre,,Void,,,IG11,51.537397,0.08154,,
Wanstead Hospital,,Void,,,E11,51.5837,0.0276,,
Wembley Centre for Health - Main Building,,Void,,,HA0,51.55007,-0.30595,,
West Ham Lane Health Centre,,Void,,,E15,51.54169,0.00965,,
Willesden Centre for Health and Care - PFI,,Void,,,G14,55.883155,-4.364361,,
Wilson Hospital,,Void,,,CR4,51.39724,-0.16326,,
